Data,Otwarcie,Najwyzszy,Najnizszy,Zamkniecie
2015-01-02,6309,6309,6309,6309
2015-01-05,6216,6216,6216,6216
2015-01-06,6191,6191,6191,6191
2015-01-07,6170,6170,6170,6170
2015-01-08,6230.5,6230.5,6230.5,6230.5
2015-01-09,6151,6151,6151,6151
2015-01-12,6131,6131,6131,6131
2015-01-13,5915,5915,5915,5915
2015-01-14,5627,5627,5627,5627
2015-01-15,5719,5719,5719,5719
2015-01-16,5660,5660,5660,5660
2015-01-19,5671,5671,5671,5671
2015-01-20,5760.5,5760.5,5760.5,5760.5
2015-01-21,5630.5,5630.5,5630.5,5630.5
2015-01-22,5742,5742,5742,5742
2015-01-23,5581,5581,5581,5581
2015-01-26,5490,5490,5490,5490
2015-01-27,5557,5557,5557,5557
2015-01-28,5485.5,5485.5,5485.5,5485.5
2015-01-29,5390.5,5390.5,5390.5,5390.5
2015-01-30,5505,5505,5505,5505
2015-02-02,5535.5,5535.5,5535.5,5535.5
2015-02-03,5695,5695,5695,5695
2015-02-04,5708,5708,5708,5708
2015-02-05,5595,5595,5595,5595
2015-02-06,5692,5692,5692,5692
2015-02-09,5666,5666,5666,5666
2015-02-10,5591,5591,5591,5591
2015-02-11,5645.5,5645.5,5645.5,5645.5
2015-02-12,5695,5695,5695,5695
2015-02-13,5731,5731,5731,5731
2015-02-16,5712,5712,5712,5712
2015-02-17,5665.5,5665.5,5665.5,5665.5
2015-02-18,5690,5690,5690,5690
2015-02-19,5720,5720,5720,5720
2015-02-20,5707,5707,5707,5707
2015-02-23,5657,5657,5657,5657
2015-02-24,5715,5715,5715,5715
2015-02-25,5805,5805,5805,5805
2015-02-26,5935.5,5935.5,5935.5,5935.5
2015-02-27,5880.5,5880.5,5880.5,5880.5
2015-03-02,5896,5896,5896,5896
2015-03-03,5855,5855,5855,5855
2015-03-04,5882,5882,5882,5882
2015-03-05,5856,5856,5856,5856
2015-03-06,5826.5,5826.5,5826.5,5826.5
2015-03-09,5800,5800,5800,5800
2015-03-10,5783.5,5783.5,5783.5,5783.5
2015-03-11,5786,5786,5786,5786
2015-03-12,5865.5,5865.5,5865.5,5865.5
2015-03-13,5860,5860,5860,5860
2015-03-16,5853,5853,5853,5853
2015-03-17,5765,5765,5765,5765
2015-03-18,5692.5,5692.5,5692.5,5692.5
2015-03-19,5835,5835,5835,5835
2015-03-20,5920,5920,5920,5920
2015-03-23,6093.5,6093.5,6093.5,6093.5
2015-03-24,6128,6128,6128,6128
2015-03-25,6134.5,6134.5,6134.5,6134.5
2015-03-26,6230,6230,6230,6230
2015-03-27,6146,6146,6146,6146
2015-03-30,6110,6110,6110,6110
2015-03-31,6050.5,6050.5,6050.5,6050.5
2015-04-01,6019.5,6019.5,6019.5,6019.5
2015-04-02,6001.5,6001.5,6001.5,6001.5
2015-04-07,6041,6041,6041,6041
2015-04-08,6055,6055,6055,6055
2015-04-09,6050,6050,6050,6050
2015-04-10,6055,6055,6055,6055
2015-04-13,6011.5,6011.5,6011.5,6011.5
2015-04-14,5916.5,5916.5,5916.5,5916.5
2015-04-15,5920.5,5920.5,5920.5,5920.5
2015-04-16,6054,6054,6054,6054
2015-04-17,6081,6081,6081,6081
2015-04-20,6002,6002,6002,6002
2015-04-21,5975,5975,5975,5975
2015-04-22,5927,5927,5927,5927
2015-04-23,5935,5935,5935,5935
2015-04-24,6025.5,6025.5,6025.5,6025.5
2015-04-27,6061,6061,6061,6061
2015-04-28,6090.5,6090.5,6090.5,6090.5
2015-04-29,6103,6103,6103,6103
2015-04-30,6245,6245,6245,6245
2015-05-01,6362,6362,6362,6362
2015-05-05,6410,6410,6410,6410
2015-05-06,6400.5,6400.5,6400.5,6400.5
2015-05-07,6437,6437,6437,6437
2015-05-08,6396.5,6396.5,6396.5,6396.5
2015-05-11,6363,6363,6363,6363
2015-05-12,6448,6448,6448,6448
2015-05-13,6416,6416,6416,6416
2015-05-14,6399,6399,6399,6399
2015-05-15,6356,6356,6356,6356
2015-05-18,6383,6383,6383,6383
2015-05-19,6270,6270,6270,6270
2015-05-20,6208,6208,6208,6208
2015-05-21,6240,6240,6240,6240
2015-05-22,6197.5,6197.5,6197.5,6197.5
2015-05-26,6134.5,6134.5,6134.5,6134.5
2015-05-27,6085,6085,6085,6085
2015-05-28,6117,6117,6117,6117
2015-05-29,6088.5,6088.5,6088.5,6088.5
2015-06-01,5970.5,5970.5,5970.5,5970.5
2015-06-02,5998.5,5998.5,5998.5,5998.5
2015-06-03,5992,5992,5992,5992
2015-06-04,5954,5954,5954,5954
2015-06-05,5924.5,5924.5,5924.5,5924.5
2015-06-08,5915,5915,5915,5915
2015-06-09,5989,5989,5989,5989
2015-06-10,6045.5,6045.5,6045.5,6045.5
2015-06-11,5906,5906,5906,5906
2015-06-12,5888.5,5888.5,5888.5,5888.5
2015-06-15,5760.5,5760.5,5760.5,5760.5
2015-06-16,5752,5752,5752,5752
2015-06-17,5749,5749,5749,5749
2015-06-18,5761,5761,5761,5761
2015-06-19,5663,5663,5663,5663
2015-06-22,5646,5646,5646,5646
2015-06-23,5725,5725,5725,5725
2015-06-24,5765,5765,5765,5765
2015-06-25,5715.5,5715.5,5715.5,5715.5
2015-06-26,5731,5731,5731,5731
2015-06-29,5767,5767,5767,5767
2015-06-30,5721,5721,5721,5721
2015-07-01,5755.5,5755.5,5755.5,5755.5
2015-07-02,5761,5761,5761,5761
2015-07-03,5761.5,5761.5,5761.5,5761.5
2015-07-06,5570,5570,5570,5570
2015-07-07,5440.5,5440.5,5440.5,5440.5
2015-07-08,5375,5375,5375,5375
2015-07-09,5576,5576,5576,5576
2015-07-10,5561.5,5561.5,5561.5,5561.5
2015-07-13,5605.5,5605.5,5605.5,5605.5
2015-07-14,5502.5,5502.5,5502.5,5502.5
2015-07-15,5597,5597,5597,5597
2015-07-16,5530,5530,5530,5530
2015-07-17,5465,5465,5465,5465
2015-07-20,5425,5425,5425,5425
2015-07-21,5475.5,5475.5,5475.5,5475.5
2015-07-22,5350.5,5350.5,5350.5,5350.5
2015-07-23,5340,5340,5340,5340
2015-07-24,5224.5,5224.5,5224.5,5224.5
2015-07-27,5190,5190,5190,5190
2015-07-28,5239.5,5239.5,5239.5,5239.5
2015-07-29,5302,5302,5302,5302
2015-07-30,5241,5241,5241,5241
2015-07-31,5220,5220,5220,5220
2015-08-03,5176.5,5176.5,5176.5,5176.5
2015-08-04,5215.5,5215.5,5215.5,5215.5
2015-08-05,5171.5,5171.5,5171.5,5171.5
2015-08-06,5165,5165,5165,5165
2015-08-07,5135.5,5135.5,5135.5,5135.5
2015-08-10,5150,5150,5150,5150
2015-08-11,5140,5140,5140,5140
2015-08-12,5103,5103,5103,5103
2015-08-13,5148,5148,5148,5148
2015-08-14,5156,5156,5156,5156
2015-08-17,5101,5101,5101,5101
2015-08-18,5000.5,5000.5,5000.5,5000.5
2015-08-19,5006.5,5006.5,5006.5,5006.5
2015-08-20,5060.5,5060.5,5060.5,5060.5
2015-08-21,5046,5046,5046,5046
2015-08-24,4888,4888,4888,4888
2015-08-25,5032,5032,5032,5032
2015-08-26,4959,4959,4959,4959
2015-08-27,5029,5029,5029,5029
2015-08-28,5095,5095,5095,5095
2015-09-01,5095,5095,5095,5095
2015-09-02,5090.5,5090.5,5090.5,5090.5
2015-09-03,5250,5250,5250,5250
2015-09-04,5155.5,5155.5,5155.5,5155.5
2015-09-07,5176,5176,5176,5176
2015-09-08,5280,5280,5280,5280
2015-09-09,5366,5366,5366,5366
2015-09-10,5400,5400,5400,5400
2015-09-11,5352,5352,5352,5352
2015-09-14,5324,5324,5324,5324
2015-09-15,5290,5290,5290,5290
2015-09-16,5350,5350,5350,5350
2015-09-17,5369,5369,5369,5369
2015-09-18,5358,5358,5358,5358
2015-09-21,5267,5267,5267,5267
2015-09-22,5131,5131,5131,5131
2015-09-23,5112,5112,5112,5112
2015-09-24,5046,5046,5046,5046
2015-09-25,5098,5098,5098,5098
2015-09-28,4965,4965,4965,4965
2015-09-29,5010,5010,5010,5010
2015-09-30,5093,5093,5093,5093
2015-10-01,5178,5178,5178,5178
2015-10-02,5081,5081,5081,5081
2015-10-05,5144.5,5144.5,5144.5,5144.5
2015-10-06,5175,5175,5175,5175
2015-10-07,5241,5241,5241,5241
2015-10-08,5160,5160,5160,5160
2015-10-09,5319,5319,5319,5319
2015-10-12,5335,5335,5335,5335
2015-10-13,5260.5,5260.5,5260.5,5260.5
2015-10-14,5278,5278,5278,5278
2015-10-15,5344,5344,5344,5344
2015-10-16,5270,5270,5270,5270
2015-10-19,5240,5240,5240,5240
2015-10-20,5189,5189,5189,5189
2015-10-21,5185.5,5185.5,5185.5,5185.5
2015-10-22,5274,5274,5274,5274
2015-10-23,5295,5295,5295,5295
2015-10-26,5233,5233,5233,5233
2015-10-27,5219.5,5219.5,5219.5,5219.5
2015-10-28,5179,5179,5179,5179
2015-10-29,5161,5161,5161,5161
2015-10-30,5135.5,5135.5,5135.5,5135.5
2015-11-02,5137.5,5137.5,5137.5,5137.5
2015-11-03,5149,5149,5149,5149
2015-11-04,5165.5,5165.5,5165.5,5165.5
2015-11-05,5053,5053,5053,5053
2015-11-06,5000,5000,5000,5000
2015-11-09,4990,4990,4990,4990
2015-11-10,4933.5,4933.5,4933.5,4933.5
2015-11-11,4931,4931,4931,4931
2015-11-12,4872.5,4872.5,4872.5,4872.5
2015-11-13,4825,4825,4825,4825
2015-11-16,4765,4765,4765,4765
2015-11-17,4700,4700,4700,4700
2015-11-18,4669,4669,4669,4669
2015-11-19,4610,4610,4610,4610
2015-11-20,4690,4690,4690,4690
2015-11-23,4515.5,4515.5,4515.5,4515.5
2015-11-24,4527,4527,4527,4527
2015-11-25,4541,4541,4541,4541
2015-11-26,4667,4667,4667,4667
2015-11-27,4636,4636,4636,4636
2015-11-30,4595.5,4595.5,4595.5,4595.5
2015-12-01,4619,4619,4619,4619
2015-12-02,4589,4589,4589,4589
2015-12-03,4525,4525,4525,4525
2015-12-04,4637,4637,4637,4637
2015-12-07,4592.5,4592.5,4592.5,4592.5
2015-12-08,4567.5,4567.5,4567.5,4567.5
2015-12-09,4620,4620,4620,4620
2015-12-10,4572,4572,4572,4572
2015-12-11,4667,4667,4667,4667
2015-12-14,4640,4640,4640,4640
2015-12-15,4586,4586,4586,4586
2015-12-16,4583,4583,4583,4583
2015-12-17,4550,4550,4550,4550
2015-12-18,4650,4650,4650,4650
2015-12-21,4691,4691,4691,4691
2015-12-22,4672.5,4672.5,4672.5,4672.5
2015-12-23,4680,4680,4680,4680
2015-12-24,4665.5,4665.5,4665.5,4665.5
2015-12-29,4685,4685,4685,4685
2015-12-30,4715,4715,4715,4715
2015-12-31,4702,4702,4702,4702
2016-01-04,4645,4645,4645,4645
2016-01-05,4647,4647,4647,4647
2016-01-06,4600,4600,4600,4600
2016-01-07,4514,4514,4514,4514
2016-01-08,4486.5,4486.5,4486.5,4486.5
2016-01-11,4402.5,4402.5,4402.5,4402.5
2016-01-12,4355,4355,4355,4355
2016-01-13,4380,4380,4380,4380
2016-01-14,4365.5,4365.5,4365.5,4365.5
2016-01-15,4310.5,4310.5,4310.5,4310.5
2016-01-18,4360,4360,4360,4360
2016-01-19,4440.5,4440.5,4440.5,4440.5
2016-01-20,4347,4347,4347,4347
2016-01-21,4376,4376,4376,4376
2016-01-22,4468,4468,4468,4468
2016-01-25,4454,4454,4454,4454
2016-01-26,4501,4501,4501,4501
2016-01-27,4507.5,4507.5,4507.5,4507.5
2016-01-28,4553.5,4553.5,4553.5,4553.5
2016-01-29,4541.5,4541.5,4541.5,4541.5
2016-02-01,4534,4534,4534,4534
2016-02-02,4605.5,4605.5,4605.5,4605.5
2016-02-03,4578.5,4578.5,4578.5,4578.5
2016-02-04,4685,4685,4685,4685
2016-02-05,4669,4669,4669,4669
2016-02-08,4572.5,4572.5,4572.5,4572.5
2016-02-09,4530.5,4530.5,4530.5,4530.5
2016-02-10,4507,4507,4507,4507
2016-02-11,4474,4474,4474,4474
2016-02-12,4488.5,4488.5,4488.5,4488.5
2016-02-15,4562,4562,4562,4562
2016-02-16,4583.5,4583.5,4583.5,4583.5
2016-02-17,4562,4562,4562,4562
2016-02-18,4577,4577,4577,4577
2016-02-19,4590,4590,4590,4590
2016-02-22,4696,4696,4696,4696
2016-02-23,4663.5,4663.5,4663.5,4663.5
2016-02-24,4585.5,4585.5,4585.5,4585.5
2016-02-25,4655,4655,4655,4655
2016-02-26,4681,4681,4681,4681
2016-02-29,4705,4705,4705,4705
2016-03-01,4726,4726,4726,4726
2016-03-02,4780,4780,4780,4780
2016-03-03,4830,4830,4830,4830
2016-03-04,4918,4918,4918,4918
2016-03-07,5000,5000,5000,5000
2016-03-08,4980.5,4980.5,4980.5,4980.5
2016-03-09,4935.5,4935.5,4935.5,4935.5
2016-03-10,4920.5,4920.5,4920.5,4920.5
2016-03-11,4941,4941,4941,4941
2016-03-14,4994,4994,4994,4994
2016-03-15,4920,4920,4920,4920
2016-03-16,4945,4945,4945,4945
2016-03-17,5029,5029,5029,5029
2016-03-18,5103,5103,5103,5103
2016-03-21,5079.5,5079.5,5079.5,5079.5
2016-03-22,5070,5070,5070,5070
2016-03-23,5060.5,5060.5,5060.5,5060.5
2016-03-24,4931,4931,4931,4931
2016-03-29,4939.5,4939.5,4939.5,4939.5
2016-03-30,4940,4940,4940,4940
2016-03-31,4855.5,4855.5,4855.5,4855.5
2016-04-01,4880,4880,4880,4880
2016-04-04,4816,4816,4816,4816
2016-04-05,4776,4776,4776,4776
2016-04-06,4775,4775,4775,4775
2016-04-07,4715,4715,4715,4715
2016-04-08,4654,4654,4654,4654
2016-04-11,4645,4645,4645,4645
2016-04-12,4715.5,4715.5,4715.5,4715.5
2016-04-13,4838,4838,4838,4838
2016-04-14,4830.5,4830.5,4830.5,4830.5
2016-04-15,4813.5,4813.5,4813.5,4813.5
2016-04-18,4798,4798,4798,4798
2016-04-19,4812,4812,4812,4812
2016-04-20,4938.5,4938.5,4938.5,4938.5
2016-04-21,5025.5,5025.5,5025.5,5025.5
2016-04-22,5015.5,5015.5,5015.5,5015.5
2016-04-25,5000.5,5000.5,5000.5,5000.5
2016-04-26,4935.5,4935.5,4935.5,4935.5
2016-04-27,4932,4932,4932,4932
2016-04-28,4912.5,4912.5,4912.5,4912.5
2016-04-29,5045,5045,5045,5045
2016-05-03,4960,4960,4960,4960
2016-05-04,4892,4892,4892,4892
2016-05-05,4826,4826,4826,4826
2016-05-06,4810,4810,4810,4810
2016-05-09,4739.5,4739.5,4739.5,4739.5
2016-05-10,4710,4710,4710,4710
2016-05-11,4748,4748,4748,4748
2016-05-12,4744,4744,4744,4744
2016-05-13,4660,4660,4660,4660
2016-05-16,4640.5,4640.5,4640.5,4640.5
2016-05-17,4634,4634,4634,4634
2016-05-18,4600.5,4600.5,4600.5,4600.5
2016-05-19,4596,4596,4596,4596
2016-05-20,4630.5,4630.5,4630.5,4630.5
2016-05-23,4572,4572,4572,4572
2016-05-24,4637,4637,4637,4637
2016-05-25,4636,4636,4636,4636
2016-05-26,4705.5,4705.5,4705.5,4705.5
2016-05-27,4725.5,4725.5,4725.5,4725.5
2016-05-30,4725.5,4725.5,4725.5,4725.5
2016-05-31,4700,4700,4700,4700
2016-06-01,4601,4601,4601,4601
2016-06-02,4600,4600,4600,4600
2016-06-03,4688,4688,4688,4688
2016-06-06,4706,4706,4706,4706
2016-06-07,4589,4589,4589,4589
2016-06-08,4590.5,4590.5,4590.5,4590.5
2016-06-09,4546,4546,4546,4546
2016-06-10,4504,4504,4504,4504
2016-06-13,4515,4515,4515,4515
2016-06-14,4510.5,4510.5,4510.5,4510.5
2016-06-15,4632,4632,4632,4632
2016-06-16,4524.5,4524.5,4524.5,4524.5
2016-06-17,4521.5,4521.5,4521.5,4521.5
2016-06-20,4585,4585,4585,4585
2016-06-21,4587,4587,4587,4587
2016-06-22,4687.5,4687.5,4687.5,4687.5
2016-06-23,4747,4747,4747,4747
2016-06-24,4663,4663,4663,4663
2016-06-27,4692,4692,4692,4692
2016-06-28,4777.5,4777.5,4777.5,4777.5
2016-06-29,4780,4780,4780,4780
2016-06-30,4827,4827,4827,4827
2016-07-01,4783.5,4783.5,4783.5,4783.5
2016-07-04,4920,4920,4920,4920
2016-07-05,4840.5,4840.5,4840.5,4840.5
2016-07-06,4706,4706,4706,4706
2016-07-07,4725,4725,4725,4725
2016-07-08,4710,4710,4710,4710
2016-07-11,4746,4746,4746,4746
2016-07-12,4811.5,4811.5,4811.5,4811.5
2016-07-13,4918.5,4918.5,4918.5,4918.5
2016-07-14,4911.5,4911.5,4911.5,4911.5
2016-07-15,4945.5,4945.5,4945.5,4945.5
2016-07-18,4839,4839,4839,4839
2016-07-19,4938,4938,4938,4938
2016-07-20,4900.5,4900.5,4900.5,4900.5
2016-07-21,4953.5,4953.5,4953.5,4953.5
2016-07-22,4956,4956,4956,4956
2016-07-25,4920,4920,4920,4920
2016-07-26,4862,4862,4862,4862
2016-07-27,4869.5,4869.5,4869.5,4869.5
2016-07-28,4862,4862,4862,4862
2016-07-29,4853,4853,4853,4853
2016-08-01,4907,4907,4907,4907
2016-08-02,4885.5,4885.5,4885.5,4885.5
2016-08-03,4844.5,4844.5,4844.5,4844.5
2016-08-04,4787,4787,4787,4787
2016-08-05,4792.5,4792.5,4792.5,4792.5
2016-08-08,4796,4796,4796,4796
2016-08-09,4779,4779,4779,4779
2016-08-10,4874.5,4874.5,4874.5,4874.5
2016-08-11,4810,4810,4810,4810
2016-08-12,4746,4746,4746,4746
2016-08-15,4746,4746,4746,4746
2016-08-16,4798,4798,4798,4798
2016-08-17,4755.5,4755.5,4755.5,4755.5
2016-08-18,4802.5,4802.5,4802.5,4802.5
2016-08-19,4774,4774,4774,4774
2016-08-22,4732,4732,4732,4732
2016-08-23,4719,4719,4719,4719
2016-08-24,4658.5,4658.5,4658.5,4658.5
2016-08-25,4639.5,4639.5,4639.5,4639.5
2016-08-26,4622,4622,4622,4622
2016-08-30,4609,4609,4609,4609
2016-08-31,4602.5,4602.5,4602.5,4602.5
2016-09-01,4620,4620,4620,4620
2016-09-02,4607,4607,4607,4607
2016-09-05,4603,4603,4603,4603
2016-09-06,4623,4623,4623,4623
2016-09-07,4643,4643,4643,4643
2016-09-08,4617.5,4617.5,4617.5,4617.5
2016-09-09,4622.5,4622.5,4622.5,4622.5
2016-09-12,4573,4573,4573,4573
2016-09-13,4641.5,4641.5,4641.5,4641.5
2016-09-14,4694.5,4694.5,4694.5,4694.5
2016-09-15,4727,4727,4727,4727
2016-09-16,4733.5,4733.5,4733.5,4733.5
2016-09-19,4731.5,4731.5,4731.5,4731.5
2016-09-20,4732.5,4732.5,4732.5,4732.5
2016-09-21,4733,4733,4733,4733
2016-09-22,4815.5,4815.5,4815.5,4815.5
2016-09-23,4815,4815,4815,4815
2016-09-26,4794,4794,4794,4794
2016-09-27,4775,4775,4775,4775
2016-09-28,4807.5,4807.5,4807.5,4807.5
2016-09-29,4816.5,4816.5,4816.5,4816.5
2016-09-30,4832,4832,4832,4832
2016-10-03,4807,4807,4807,4807
2016-10-04,4790.5,4790.5,4790.5,4790.5
2016-10-05,4777.5,4777.5,4777.5,4777.5
2016-10-06,4742,4742,4742,4742
2016-10-07,4742,4742,4742,4742
2016-10-10,4786,4786,4786,4786
2016-10-11,4801.5,4801.5,4801.5,4801.5
2016-10-12,4805,4805,4805,4805
2016-10-13,4754.5,4754.5,4754.5,4754.5
2016-10-14,4672.5,4672.5,4672.5,4672.5
2016-10-17,4671.5,4671.5,4671.5,4671.5
2016-10-18,4665.5,4665.5,4665.5,4665.5
2016-10-19,4642.5,4642.5,4642.5,4642.5
2016-10-20,4633.5,4633.5,4633.5,4633.5
2016-10-21,4637,4637,4637,4637
2016-10-24,4620.5,4620.5,4620.5,4620.5
2016-10-25,4720,4720,4720,4720
2016-10-26,4717.5,4717.5,4717.5,4717.5
2016-10-27,4774,4774,4774,4774
2016-10-28,4787,4787,4787,4787
2016-10-31,4827.5,4827.5,4827.5,4827.5
2016-11-01,4862.5,4862.5,4862.5,4862.5
2016-11-02,4871,4871,4871,4871
2016-11-03,4918,4918,4918,4918
2016-11-04,4943,4943,4943,4943
2016-11-07,5032,5032,5032,5032
2016-11-08,5044,5044,5044,5044
2016-11-09,5335,5335,5335,5335
2016-11-10,5619,5619,5619,5619
2016-11-11,5900,5900,5900,5900
2016-11-14,5620,5620,5620,5620
2016-11-15,5448,5448,5448,5448
2016-11-16,5459,5459,5459,5459
2016-11-17,5426,5426,5426,5426
2016-11-18,5446,5446,5446,5446
2016-11-21,5535.5,5535.5,5535.5,5535.5
2016-11-22,5618,5618,5618,5618
2016-11-23,5564,5564,5564,5564
2016-11-24,5834.5,5834.5,5834.5,5834.5
2016-11-25,5822.5,5822.5,5822.5,5822.5
2016-11-28,5935.5,5935.5,5935.5,5935.5
2016-11-29,5778,5778,5778,5778
2016-11-30,5740,5740,5740,5740
2016-12-01,5773,5773,5773,5773
2016-12-02,5736,5736,5736,5736
2016-12-05,5851.5,5851.5,5851.5,5851.5
2016-12-06,5856,5856,5856,5856
2016-12-07,5903.5,5903.5,5903.5,5903.5
2016-12-08,5838,5838,5838,5838
2016-12-09,5824,5824,5824,5824
2016-12-12,5757,5757,5757,5757
2016-12-13,5765.5,5765.5,5765.5,5765.5
2016-12-14,5735,5735,5735,5735
2016-12-15,5682.5,5682.5,5682.5,5682.5
2016-12-16,5649,5649,5649,5649
2016-12-19,5561,5561,5561,5561
2016-12-20,5485.5,5485.5,5485.5,5485.5
2016-12-21,5498.5,5498.5,5498.5,5498.5
2016-12-22,5426,5426,5426,5426
2016-12-23,5482,5482,5482,5482
2016-12-26,5482,5482,5482,5482
2016-12-28,5486,5486,5486,5486
2016-12-29,5514,5514,5514,5514
2016-12-30,5501,5501,5501,5501
2017-01-03,5574,5574,5574,5574
2017-01-04,5500.5,5500.5,5500.5,5500.5
2017-01-05,5611,5611,5611,5611
2017-01-06,5546.5,5546.5,5546.5,5546.5
2017-01-09,5551.5,5551.5,5551.5,5551.5
2017-01-10,5642,5642,5642,5642
2017-01-11,5709.5,5709.5,5709.5,5709.5
2017-01-12,5752.5,5752.5,5752.5,5752.5
2017-01-13,5797,5797,5797,5797
2017-01-16,5857,5857,5857,5857
2017-01-17,5771.5,5771.5,5771.5,5771.5
2017-01-18,5721,5721,5721,5721
2017-01-19,5710,5710,5710,5710
2017-01-20,5706,5706,5706,5706
2017-01-23,5775,5775,5775,5775
2017-01-24,5879,5879,5879,5879
2017-01-25,5867,5867,5867,5867
2017-01-26,5890,5890,5890,5890
2017-01-27,5847,5847,5847,5847
2017-01-30,5857,5857,5857,5857
2017-01-31,5921,5921,5921,5921
2017-02-01,5931,5931,5931,5931
2017-02-02,5903,5903,5903,5903
2017-02-03,5836,5836,5836,5836
2017-02-06,5786,5786,5786,5786
2017-02-07,5802,5802,5802,5802
2017-02-08,5865,5865,5865,5865
2017-02-09,5863,5863,5863,5863
2017-02-10,5872,5872,5872,5872
2017-02-13,6111,6111,6111,6111
2017-02-14,6145,6145,6145,6145
2017-02-15,6016,6016,6016,6016
2017-02-16,6015,6015,6015,6015
2017-02-17,5939,5939,5939,5939
2017-02-20,6002,6002,6002,6002
2017-02-21,6034,6034,6034,6034
2017-02-22,5976,5976,5976,5976
2017-02-23,5991,5991,5991,5991
2017-02-24,5881,5881,5881,5881
2017-02-27,5927,5927,5927,5927
2017-02-28,5936,5936,5936,5936
2017-03-01,6040,6040,6040,6040
2017-03-02,5994,5994,5994,5994
2017-03-03,5910,5910,5910,5910
2017-03-06,5856,5856,5856,5856
2017-03-07,5807,5807,5807,5807
2017-03-08,5782,5782,5782,5782
2017-03-09,5655,5655,5655,5655
2017-03-10,5714.5,5714.5,5714.5,5714.5
2017-03-13,5794,5794,5794,5794
2017-03-14,5747,5747,5747,5747
2017-03-15,5850,5850,5850,5850
2017-03-16,5911,5911,5911,5911
2017-03-17,5889,5889,5889,5889
2017-03-20,5891,5891,5891,5891
2017-03-21,5765.5,5765.5,5765.5,5765.5
2017-03-22,5712,5712,5712,5712
2017-03-23,5790.5,5790.5,5790.5,5790.5
2017-03-24,5782.5,5782.5,5782.5,5782.5
2017-03-27,5673.5,5673.5,5673.5,5673.5
2017-03-28,5774.5,5774.5,5774.5,5774.5
2017-03-29,5847,5847,5847,5847
2017-03-30,5860,5860,5860,5860
2017-03-31,5849,5849,5849,5849
2017-04-03,5817,5817,5817,5817
2017-04-04,5724.5,5724.5,5724.5,5724.5
2017-04-05,5808.5,5808.5,5808.5,5808.5
2017-04-06,5870.5,5870.5,5870.5,5870.5
2017-04-07,5770,5770,5770,5770
2017-04-10,5731,5731,5731,5731
2017-04-11,5746,5746,5746,5746
2017-04-12,5685,5685,5685,5685
2017-04-13,5655,5655,5655,5655
2017-04-18,5620.5,5620.5,5620.5,5620.5
2017-04-19,5600.5,5600.5,5600.5,5600.5
2017-04-20,5611.5,5611.5,5611.5,5611.5
2017-04-21,5601,5601,5601,5601
2017-04-24,5612,5612,5612,5612
2017-04-25,5652.5,5652.5,5652.5,5652.5
2017-04-26,5677.5,5677.5,5677.5,5677.5
2017-04-27,5686.5,5686.5,5686.5,5686.5
2017-04-28,5688.5,5688.5,5688.5,5688.5
2017-05-02,5746.5,5746.5,5746.5,5746.5
2017-05-03,5636.5,5636.5,5636.5,5636.5
2017-05-04,5543,5543,5543,5543
2017-05-05,5530.5,5530.5,5530.5,5530.5
2017-05-08,5466,5466,5466,5466
2017-05-09,5496,5496,5496,5496
2017-05-10,5512,5512,5512,5512
2017-05-11,5580.5,5580.5,5580.5,5580.5
2017-05-12,5520,5520,5520,5520
2017-05-15,5586,5586,5586,5586
2017-05-16,5584,5584,5584,5584
2017-05-17,5575,5575,5575,5575
2017-05-18,5490,5490,5490,5490
2017-05-19,5596,5596,5596,5596
2017-05-22,5677,5677,5677,5677
2017-05-23,5660.5,5660.5,5660.5,5660.5
2017-05-24,5662.5,5662.5,5662.5,5662.5
2017-05-25,5665,5665,5665,5665
2017-05-26,5671,5671,5671,5671
2017-05-30,5608,5608,5608,5608
2017-05-31,5615.5,5615.5,5615.5,5615.5
2017-06-01,5636.5,5636.5,5636.5,5636.5
2017-06-02,5559.5,5559.5,5559.5,5559.5
2017-06-05,5586.5,5586.5,5586.5,5586.5
2017-06-06,5540.5,5540.5,5540.5,5540.5
2017-06-07,5575.5,5575.5,5575.5,5575.5
2017-06-08,5647.5,5647.5,5647.5,5647.5
2017-06-09,5739,5739,5739,5739
2017-06-12,5752,5752,5752,5752
2017-06-13,5659,5659,5659,5659
2017-06-14,5684.5,5684.5,5684.5,5684.5
2017-06-15,5637,5637,5637,5637
2017-06-16,5655.5,5655.5,5655.5,5655.5
2017-06-19,5687,5687,5687,5687
2017-06-20,5673.5,5673.5,5673.5,5673.5
2017-06-21,5650,5650,5650,5650
2017-06-22,5736,5736,5736,5736
2017-06-23,5774,5774,5774,5774
2017-06-26,5771,5771,5771,5771
2017-06-27,5789,5789,5789,5789
2017-06-28,5822,5822,5822,5822
2017-06-29,5905.5,5905.5,5905.5,5905.5
2017-06-30,5907.5,5907.5,5907.5,5907.5
2017-07-03,5894,5894,5894,5894
2017-07-04,5847,5847,5847,5847
2017-07-05,5818,5818,5818,5818
2017-07-06,5828.5,5828.5,5828.5,5828.5
2017-07-07,5809,5809,5809,5809
2017-07-10,5780,5780,5780,5780
2017-07-11,5795,5795,5795,5795
2017-07-12,5882.5,5882.5,5882.5,5882.5
2017-07-13,5902,5902,5902,5902
2017-07-14,5858,5858,5858,5858
2017-07-17,5965.5,5965.5,5965.5,5965.5
2017-07-18,5940.5,5940.5,5940.5,5940.5
2017-07-19,5956,5956,5956,5956
2017-07-20,5930,5930,5930,5930
2017-07-21,6001.5,6001.5,6001.5,6001.5
2017-07-24,6000,6000,6000,6000
2017-07-25,6150,6150,6150,6150
2017-07-26,6238,6238,6238,6238
2017-07-27,6325,6325,6325,6325
2017-07-28,6283,6283,6283,6283
2017-07-31,6347,6347,6347,6347
2017-08-01,6300.5,6300.5,6300.5,6300.5
2017-08-02,6300,6300,6300,6300
2017-08-03,6290,6290,6290,6290
2017-08-04,6330,6330,6330,6330
2017-08-07,6333,6333,6333,6333
2017-08-08,6364,6364,6364,6364
2017-08-09,6465,6465,6465,6465
2017-08-10,6416.5,6416.5,6416.5,6416.5
2017-08-11,6353.5,6353.5,6353.5,6353.5
2017-08-14,6351,6351,6351,6351
2017-08-15,6382,6382,6382,6382
2017-08-16,6433,6433,6433,6433
2017-08-17,6460,6460,6460,6460
2017-08-18,6453,6453,6453,6453
2017-08-21,6514.5,6514.5,6514.5,6514.5
2017-08-22,6584,6584,6584,6584
2017-08-23,6555,6555,6555,6555
2017-08-24,6577,6577,6577,6577
2017-08-25,6714,6714,6714,6714
2017-08-29,6797,6797,6797,6797
2017-08-30,6755,6755,6755,6755
2017-08-31,6792,6792,6792,6792
2017-09-01,6776,6776,6776,6776
2017-09-04,6873,6873,6873,6873
2017-09-05,6904,6904,6904,6904
2017-09-06,6864,6864,6864,6864
2017-09-07,6842.5,6842.5,6842.5,6842.5
2017-09-08,6780,6780,6780,6780
2017-09-11,6737,6737,6737,6737
2017-09-12,6601.5,6601.5,6601.5,6601.5
2017-09-13,6527,6527,6527,6527
2017-09-14,6418.5,6418.5,6418.5,6418.5
2017-09-15,6457,6457,6457,6457
2017-09-18,6487,6487,6487,6487
2017-09-19,6492,6492,6492,6492
2017-09-20,6520,6520,6520,6520
2017-09-21,6407.5,6407.5,6407.5,6407.5
2017-09-22,6405,6405,6405,6405
2017-09-25,6416,6416,6416,6416
2017-09-26,6423,6423,6423,6423
2017-09-27,6426,6426,6426,6426
2017-09-28,6405,6405,6405,6405
2017-09-29,6485,6485,6485,6485
2017-10-02,6455,6455,6455,6455
2017-10-03,6447,6447,6447,6447
2017-10-04,6453,6453,6453,6453
2017-10-05,6511,6511,6511,6511
2017-10-06,6639,6639,6639,6639
2017-10-09,6607,6607,6607,6607
2017-10-10,6641,6641,6641,6641
2017-10-11,6685,6685,6685,6685
2017-10-12,6813,6813,6813,6813
2017-10-13,6858,6858,6858,6858
2017-10-16,7063,7063,7063,7063
2017-10-17,7046,7046,7046,7046
2017-10-18,6971.5,6971.5,6971.5,6971.5
2017-10-19,6920,6920,6920,6920
2017-10-20,7008.5,7008.5,7008.5,7008.5
2017-10-23,6959,6959,6959,6959
2017-10-24,7073.5,7073.5,7073.5,7073.5
2017-10-25,6970.5,6970.5,6970.5,6970.5
2017-10-26,6965,6965,6965,6965
2017-10-27,6831.5,6831.5,6831.5,6831.5
2017-10-30,6823,6823,6823,6823
2017-10-31,6802,6802,6802,6802
2017-11-01,6918,6918,6918,6918
2017-11-02,6855,6855,6855,6855
2017-11-03,6914.5,6914.5,6914.5,6914.5
2017-11-06,6902.5,6902.5,6902.5,6902.5
2017-11-07,6863,6863,6863,6863
2017-11-08,6812,6812,6812,6812
2017-11-09,6777,6777,6777,6777
2017-11-10,6797,6797,6797,6797
2017-11-13,6768,6768,6768,6768
2017-11-14,6822.5,6822.5,6822.5,6822.5
2017-11-15,6715.5,6715.5,6715.5,6715.5
2017-11-16,6764,6764,6764,6764
2017-11-17,6728.5,6728.5,6728.5,6728.5
2017-11-20,6752,6752,6752,6752
2017-11-21,6828,6828,6828,6828
2017-11-22,6872.5,6872.5,6872.5,6872.5
2017-11-23,6895.5,6895.5,6895.5,6895.5
2017-11-24,6967.5,6967.5,6967.5,6967.5
2017-11-27,6892,6892,6892,6892
2017-11-28,6800,6800,6800,6800
2017-11-29,6756.5,6756.5,6756.5,6756.5
2017-11-30,6761,6761,6761,6761
2017-12-01,6734,6734,6734,6734
2017-12-04,6807,6807,6807,6807
2017-12-05,6645,6645,6645,6645
2017-12-06,6539,6539,6539,6539
2017-12-07,6530.5,6530.5,6530.5,6530.5
2017-12-08,6538.5,6538.5,6538.5,6538.5
2017-12-11,6547.5,6547.5,6547.5,6547.5
2017-12-12,6614,6614,6614,6614
2017-12-13,6685,6685,6685,6685
2017-12-14,6723,6723,6723,6723
2017-12-15,6735.5,6735.5,6735.5,6735.5
2017-12-18,6844,6844,6844,6844
2017-12-19,6845,6845,6845,6845
2017-12-20,6925,6925,6925,6925
2017-12-21,6977,6977,6977,6977
2017-12-22,7019,7019,7019,7019
2017-12-27,7140,7140,7140,7140
2017-12-28,7216,7216,7216,7216
2017-12-29,7157,7157,7157,7157
2018-01-02,7181,7181,7181,7181
2018-01-03,7115.5,7115.5,7115.5,7115.5
2018-01-04,7202.5,7202.5,7202.5,7202.5
2018-01-05,7097,7097,7097,7097
2018-01-08,7084.5,7084.5,7084.5,7084.5
2018-01-09,7092,7092,7092,7092
2018-01-10,7140.5,7140.5,7140.5,7140.5
2018-01-11,7123,7123,7123,7123
2018-01-12,7070.5,7070.5,7070.5,7070.5
2018-01-15,7180,7180,7180,7180
2018-01-16,7023,7023,7023,7023
2018-01-17,7047,7047,7047,7047
2018-01-18,7047,7047,7047,7047
2018-01-19,7079,7079,7079,7079
2018-01-22,7049,7049,7049,7049
2018-01-23,6905,6905,6905,6905
2018-01-24,6943,6943,6943,6943
2018-01-25,7112,7112,7112,7112
2018-01-26,7063.5,7063.5,7063.5,7063.5
2018-01-29,7062,7062,7062,7062
2018-01-30,7049,7049,7049,7049
2018-01-31,7100.5,7100.5,7100.5,7100.5
2018-02-01,7027,7027,7027,7027
2018-02-02,7066,7066,7066,7066
2018-02-05,7050,7050,7050,7050
2018-02-06,7060,7060,7060,7060
2018-02-07,7006,7006,7006,7006
2018-02-08,6838,6838,6838,6838
2018-02-09,6755,6755,6755,6755
2018-02-12,6786.5,6786.5,6786.5,6786.5
2018-02-13,6908,6908,6908,6908
2018-02-14,6962,6962,6962,6962
2018-02-15,7098,7098,7098,7098
2018-02-16,7159,7159,7159,7159
2018-02-19,7093,7093,7093,7093
2018-02-20,7027,7027,7027,7027
2018-02-21,7003,7003,7003,7003
2018-02-22,7032,7032,7032,7032
2018-02-23,7073.5,7073.5,7073.5,7073.5
2018-02-26,7111,7111,7111,7111
2018-02-27,7028,7028,7028,7028
2018-02-28,6953,6953,6953,6953
2018-03-01,6852,6852,6852,6852
2018-03-02,6883,6883,6883,6883
2018-03-05,6850,6850,6850,6850
2018-03-06,6968.5,6968.5,6968.5,6968.5
2018-03-07,6873,6873,6873,6873
2018-03-08,6830,6830,6830,6830
2018-03-09,6808,6808,6808,6808
2018-03-12,6857,6857,6857,6857
2018-03-13,6883,6883,6883,6883
2018-03-14,7015,7015,7015,7015
2018-03-15,6885.5,6885.5,6885.5,6885.5
2018-03-16,6923,6923,6923,6923
2018-03-19,6791.5,6791.5,6791.5,6791.5
2018-03-20,6784,6784,6784,6784
2018-03-21,6675,6675,6675,6675
2018-03-22,6746.5,6746.5,6746.5,6746.5
2018-03-23,6658,6658,6658,6658
2018-03-26,6500,6500,6500,6500
2018-03-27,6641.5,6641.5,6641.5,6641.5
2018-03-28,6601.5,6601.5,6601.5,6601.5
2018-03-29,6685,6685,6685,6685
2018-04-03,6756,6756,6756,6756
2018-04-04,6625,6625,6625,6625
2018-04-05,6767,6767,6767,6767
2018-04-06,6703,6703,6703,6703
2018-04-09,6767,6767,6767,6767
2018-04-10,6888,6888,6888,6888
2018-04-11,6930.5,6930.5,6930.5,6930.5
2018-04-12,6756,6756,6756,6756
2018-04-13,6830,6830,6830,6830
2018-04-16,6811.5,6811.5,6811.5,6811.5
2018-04-17,6784,6784,6784,6784
2018-04-18,6936,6936,6936,6936
2018-04-19,6942,6942,6942,6942
2018-04-20,6939,6939,6939,6939
2018-04-23,6923,6923,6923,6923
2018-04-24,6987,6987,6987,6987
2018-04-25,6960.5,6960.5,6960.5,6960.5
2018-04-26,6885.5,6885.5,6885.5,6885.5
2018-04-27,6797,6797,6797,6797
2018-04-30,6783,6783,6783,6783
2018-05-01,6777.5,6777.5,6777.5,6777.5
2018-05-02,6785,6785,6785,6785
2018-05-03,6837,6837,6837,6837
2018-05-04,6783,6783,6783,6783
2018-05-08,6722,6722,6722,6722
2018-05-09,6786,6786,6786,6786
2018-05-10,6862,6862,6862,6862
2018-05-11,6869,6869,6869,6869
2018-05-14,6828,6828,6828,6828
2018-05-15,6822.5,6822.5,6822.5,6822.5
2018-05-16,6773.5,6773.5,6773.5,6773.5
2018-05-17,6838,6838,6838,6838
2018-05-18,6783.5,6783.5,6783.5,6783.5
2018-05-21,6861,6861,6861,6861
2018-05-22,6931.5,6931.5,6931.5,6931.5
2018-05-23,6800,6800,6800,6800
2018-05-24,6835,6835,6835,6835
2018-05-25,6886,6886,6886,6886
2018-05-29,6841.5,6841.5,6841.5,6841.5
2018-05-30,6810,6810,6810,6810
2018-05-31,6825,6825,6825,6825
2018-06-01,6814,6814,6814,6814
2018-06-04,6935,6935,6935,6935
2018-06-05,6971,6971,6971,6971
2018-06-06,7147,7147,7147,7147
2018-06-07,7245.5,7245.5,7245.5,7245.5
2018-06-08,7262.5,7262.5,7262.5,7262.5
2018-06-11,7223.5,7223.5,7223.5,7223.5
2018-06-12,7200.5,7200.5,7200.5,7200.5
2018-06-13,7201.5,7201.5,7201.5,7201.5
2018-06-14,7197,7197,7197,7197
2018-06-15,7136,7136,7136,7136
2018-06-18,6987,6987,6987,6987
2018-06-19,6820,6820,6820,6820
2018-06-20,6819,6819,6819,6819
2018-06-21,6801,6801,6801,6801
2018-06-22,6811,6811,6811,6811
2018-06-25,6783,6783,6783,6783
2018-06-26,6712,6712,6712,6712
2018-06-27,6688,6688,6688,6688
2018-06-28,6650,6650,6650,6650
2018-06-29,6646,6646,6646,6646
2018-07-02,6595,6595,6595,6595
2018-07-03,6584.5,6584.5,6584.5,6584.5
2018-07-04,6459,6459,6459,6459
2018-07-05,6399.5,6399.5,6399.5,6399.5
2018-07-06,6326,6326,6326,6326
2018-07-09,6383,6383,6383,6383
2018-07-10,6308,6308,6308,6308
2018-07-11,6182,6182,6182,6182
2018-07-12,6173,6173,6173,6173
2018-07-13,6166,6166,6166,6166
2018-07-16,6143,6143,6143,6143
2018-07-17,6141.5,6141.5,6141.5,6141.5
2018-07-18,6068,6068,6068,6068
2018-07-19,5982,5982,5982,5982
2018-07-20,6073,6073,6073,6073
2018-07-23,6153,6153,6153,6153
2018-07-24,6167,6167,6167,6167
2018-07-25,6252,6252,6252,6252
2018-07-26,6255,6255,6255,6255
2018-07-27,6251.5,6251.5,6251.5,6251.5
2018-07-30,6185,6185,6185,6185
2018-07-31,6213,6213,6213,6213
2018-08-01,6137,6137,6137,6137
2018-08-02,6063,6063,6063,6063
2018-08-03,6167,6167,6167,6167
2018-08-06,6040,6040,6040,6040
2018-08-07,6132,6132,6132,6132
2018-08-08,6113,6113,6113,6113
2018-08-09,6247,6247,6247,6247
2018-08-10,6120,6120,6120,6120
2018-08-13,6081,6081,6081,6081
2018-08-14,6059,6059,6059,6059
2018-08-15,5843,5843,5843,5843
2018-08-16,5860,5860,5860,5860
2018-08-17,5844,5844,5844,5844
2018-08-20,5963,5963,5963,5963
2018-08-21,6025.5,6025.5,6025.5,6025.5
2018-08-22,6000,6000,6000,6000
2018-08-23,5910.5,5910.5,5910.5,5910.5
2018-08-24,6001,6001,6001,6001
2018-08-28,6118,6118,6118,6118
2018-08-29,6065,6065,6065,6065
2018-08-30,6066.5,6066.5,6066.5,6066.5
2018-08-31,6019,6019,6019,6019
2018-09-03,5951,5951,5951,5951
2018-09-04,5823,5823,5823,5823
2018-09-05,5850,5850,5850,5850
2018-09-06,5940,5940,5940,5940
2018-09-07,5883,5883,5883,5883
2018-09-10,5840.5,5840.5,5840.5,5840.5
2018-09-11,5849,5849,5849,5849
2018-09-12,5891,5891,5891,5891
2018-09-13,5991,5991,5991,5991
2018-09-14,5946.5,5946.5,5946.5,5946.5
2018-09-17,5860,5860,5860,5860
2018-09-18,6003,6003,6003,6003
2018-09-19,6057,6057,6057,6057
2018-09-20,6057,6057,6057,6057
2018-09-21,6203,6203,6203,6203
2018-09-24,6320,6320,6320,6320
2018-09-25,6276,6276,6276,6276
2018-09-26,6257.5,6257.5,6257.5,6257.5
2018-09-27,6222,6222,6222,6222
2018-09-28,6180,6180,6180,6180
2018-10-01,6172,6172,6172,6172
2018-10-02,6274,6274,6274,6274
2018-10-03,6275,6275,6275,6275
2018-10-04,6310,6310,6310,6310
2018-10-05,6182.5,6182.5,6182.5,6182.5
2018-10-08,6169,6169,6169,6169
2018-10-09,6219,6219,6219,6219
2018-10-10,6294,6294,6294,6294
2018-10-11,6155,6155,6155,6155
2018-10-12,6325,6325,6325,6325
2018-10-15,6296,6296,6296,6296
2018-10-16,6202,6202,6202,6202
2018-10-17,6249,6249,6249,6249
2018-10-18,6147,6147,6147,6147
2018-10-19,6191.5,6191.5,6191.5,6191.5
2018-10-22,6284,6284,6284,6284
2018-10-23,6167.5,6167.5,6167.5,6167.5
2018-10-24,6215,6215,6215,6215
2018-10-25,6210,6210,6210,6210
2018-10-26,6159,6159,6159,6159
2018-10-29,6260,6260,6260,6260
2018-10-30,6136,6136,6136,6136
2018-10-31,6073,6073,6073,6073
2018-11-01,6070,6070,6070,6070
2018-11-02,6255,6255,6255,6255
2018-11-05,6239,6239,6239,6239
2018-11-06,6205,6205,6205,6205
2018-11-07,6210,6210,6210,6210
2018-11-08,6137,6137,6137,6137
2018-11-09,6088,6088,6088,6088
2018-11-12,6083.5,6083.5,6083.5,6083.5
2018-11-13,6130,6130,6130,6130
2018-11-14,6106,6106,6106,6106
2018-11-15,6188,6188,6188,6188
2018-11-16,6181,6181,6181,6181
2018-11-19,6260,6260,6260,6260
2018-11-20,6262,6262,6262,6262
2018-11-21,6242,6242,6242,6242
2018-11-22,6246,6246,6246,6246
2018-11-23,6210,6210,6210,6210
2018-11-26,6246,6246,6246,6246
2018-11-27,6169.5,6169.5,6169.5,6169.5
2018-11-28,6198,6198,6198,6198
2018-11-29,6282,6282,6282,6282
2018-11-30,6238,6238,6238,6238
2018-12-03,6307,6307,6307,6307
2018-12-04,6278,6278,6278,6278
2018-12-05,6162,6162,6162,6162
2018-12-06,6112,6112,6112,6112
2018-12-07,6173,6173,6173,6173
2018-12-10,6112,6112,6112,6112
2018-12-11,6163,6163,6163,6163
2018-12-12,6151,6151,6151,6151
2018-12-13,6196,6196,6196,6196
2018-12-14,6104,6104,6104,6104
2018-12-17,6095.5,6095.5,6095.5,6095.5
2018-12-18,6043,6043,6043,6043
2018-12-19,5987,5987,5987,5987
2018-12-20,6015,6015,6015,6015
2018-12-21,5987,5987,5987,5987
2018-12-24,5931.5,5931.5,5931.5,5931.5
2018-12-27,5990,5990,5990,5990
2018-12-28,6018,6018,6018,6018
2018-12-31,5965,5965,5965,5965
2019-01-02,5839,5839,5839,5839
2019-01-03,5811,5811,5811,5811
2019-01-04,5840,5840,5840,5840
2019-01-07,5889.5,5889.5,5889.5,5889.5
2019-01-08,5904.5,5904.5,5904.5,5904.5
2019-01-09,5964,5964,5964,5964
2019-01-10,5908.5,5908.5,5908.5,5908.5
2019-01-11,5926.5,5926.5,5926.5,5926.5
2019-01-14,5861,5861,5861,5861
2019-01-15,5882,5882,5882,5882
2019-01-16,5911,5911,5911,5911
2019-01-17,5933,5933,5933,5933
2019-01-18,6022,6022,6022,6022
2019-01-21,5951.5,5951.5,5951.5,5951.5
2019-01-22,5926.5,5926.5,5926.5,5926.5
2019-01-23,5920.5,5920.5,5920.5,5920.5
2019-01-24,5885,5885,5885,5885
2019-01-25,5901,5901,5901,5901
2019-01-28,5996,5996,5996,5996
2019-01-29,6007,6007,6007,6007
2019-01-30,6077,6077,6077,6077
2019-01-31,6148,6148,6148,6148
2019-02-01,6097.5,6097.5,6097.5,6097.5
2019-02-04,6076.5,6076.5,6076.5,6076.5
2019-02-05,6174,6174,6174,6174
2019-02-06,6210,6210,6210,6210
2019-02-07,6227,6227,6227,6227
2019-02-08,6207,6207,6207,6207
2019-02-11,6148,6148,6148,6148
2019-02-12,6102,6102,6102,6102
2019-02-13,6120,6120,6120,6120
2019-02-14,6178.5,6178.5,6178.5,6178.5
2019-02-15,6190,6190,6190,6190
2019-02-18,6269.5,6269.5,6269.5,6269.5
2019-02-19,6246.5,6246.5,6246.5,6246.5
2019-02-20,6351.5,6351.5,6351.5,6351.5
2019-02-21,6391,6391,6391,6391
2019-02-22,6489,6489,6489,6489
2019-02-25,6546,6546,6546,6546
2019-02-26,6471,6471,6471,6471
2019-02-27,6533,6533,6533,6533
2019-02-28,6536,6536,6536,6536
2019-03-01,6572,6572,6572,6572
2019-03-04,6420,6420,6420,6420
2019-03-05,6553.5,6553.5,6553.5,6553.5
2019-03-06,6505,6505,6505,6505
2019-03-07,6458,6458,6458,6458
2019-03-08,6398.5,6398.5,6398.5,6398.5
2019-03-11,6435,6435,6435,6435
2019-03-12,6510,6510,6510,6510
2019-03-13,6529,6529,6529,6529
2019-03-14,6409,6409,6409,6409
2019-03-15,6410,6410,6410,6410
2019-03-18,6492,6492,6492,6492
2019-03-19,6500,6500,6500,6500
2019-03-20,6487,6487,6487,6487
2019-03-21,6520,6520,6520,6520
2019-03-22,6375,6375,6375,6375
2019-03-25,6328,6328,6328,6328
2019-03-26,6361,6361,6361,6361
2019-03-27,6338.5,6338.5,6338.5,6338.5
2019-03-28,6385,6385,6385,6385
2019-03-29,6485,6485,6485,6485
2019-04-01,6498,6498,6498,6498
2019-04-02,6431,6431,6431,6431
2019-04-03,6483,6483,6483,6483
2019-04-04,6444,6444,6444,6444
2019-04-05,6419,6419,6419,6419
2019-04-08,6432.5,6432.5,6432.5,6432.5
2019-04-09,6498,6498,6498,6498
2019-04-10,6447,6447,6447,6447
2019-04-11,6432.5,6432.5,6432.5,6432.5
2019-04-12,6490,6490,6490,6490
2019-04-15,6456,6456,6456,6456
2019-04-16,6460,6460,6460,6460
2019-04-17,6509,6509,6509,6509
2019-04-18,6448,6448,6448,6448
2019-04-23,6430,6430,6430,6430
2019-04-24,6437.5,6437.5,6437.5,6437.5
2019-04-25,6375.5,6375.5,6375.5,6375.5
2019-04-26,6393,6393,6393,6393
2019-04-29,6376,6376,6376,6376
2019-04-30,6442,6442,6442,6442
2019-05-01,6398,6398,6398,6398
2019-05-02,6214,6214,6214,6214
2019-05-03,6180,6180,6180,6180
2019-05-07,6174,6174,6174,6174
2019-05-08,6103,6103,6103,6103
2019-05-09,6112,6112,6112,6112
2019-05-10,6135.5,6135.5,6135.5,6135.5
2019-05-13,6042.5,6042.5,6042.5,6042.5
2019-05-14,6007,6007,6007,6007
2019-05-15,6002,6002,6002,6002
2019-05-16,6089,6089,6089,6089
2019-05-17,6025,6025,6025,6025
2019-05-20,5985,5985,5985,5985
2019-05-21,6004,6004,6004,6004
2019-05-22,5920,5920,5920,5920
2019-05-23,5860,5860,5860,5860
2019-05-24,5919,5919,5919,5919
2019-05-28,5956.5,5956.5,5956.5,5956.5
2019-05-29,5864.5,5864.5,5864.5,5864.5
2019-05-30,5823,5823,5823,5823
2019-05-31,5780.5,5780.5,5780.5,5780.5
2019-06-03,5796,5796,5796,5796
2019-06-04,5804,5804,5804,5804
2019-06-05,5832.5,5832.5,5832.5,5832.5
2019-06-06,5805,5805,5805,5805
2019-06-07,5770,5770,5770,5770
2019-06-10,5788,5788,5788,5788
2019-06-11,5905,5905,5905,5905
2019-06-12,5828.5,5828.5,5828.5,5828.5
2019-06-13,5797.5,5797.5,5797.5,5797.5
2019-06-14,5805.5,5805.5,5805.5,5805.5
2019-06-17,5756,5756,5756,5756
2019-06-18,5848.5,5848.5,5848.5,5848.5
2019-06-19,5895,5895,5895,5895
2019-06-20,5962,5962,5962,5962
2019-06-21,5941,5941,5941,5941
2019-06-24,5917,5917,5917,5917
2019-06-25,5985.5,5985.5,5985.5,5985.5
2019-06-26,5985.5,5985.5,5985.5,5985.5
2019-06-27,5953.5,5953.5,5953.5,5953.5
2019-06-28,5972,5972,5972,5972
2019-07-01,5999,5999,5999,5999
2019-07-02,5910,5910,5910,5910
2019-07-03,5874,5874,5874,5874
2019-07-04,5900,5900,5900,5900
2019-07-05,5857,5857,5857,5857
2019-07-08,5912,5912,5912,5912
2019-07-09,5805,5805,5805,5805
2019-07-10,5862.5,5862.5,5862.5,5862.5
2019-07-11,5925,5925,5925,5925
2019-07-12,5950,5950,5950,5950
2019-07-15,5997.5,5997.5,5997.5,5997.5
2019-07-16,5959,5959,5959,5959
2019-07-17,5922,5922,5922,5922
2019-07-18,5948,5948,5948,5948
2019-07-19,6066,6066,6066,6066
2019-07-22,6007.5,6007.5,6007.5,6007.5
2019-07-23,5968.5,5968.5,5968.5,5968.5
2019-07-24,5980,5980,5980,5980
2019-07-25,6010,6010,6010,6010
2019-07-26,5945,5945,5945,5945
2019-07-29,5949.5,5949.5,5949.5,5949.5
2019-07-30,5943,5943,5943,5943
2019-07-31,5926,5926,5926,5926
2019-08-01,5876,5876,5876,5876
2019-08-02,5769,5769,5769,5769
2019-08-05,5647,5647,5647,5647
2019-08-06,5667,5667,5667,5667
2019-08-07,5673.5,5673.5,5673.5,5673.5
2019-08-08,5723,5723,5723,5723
2019-08-09,5744,5744,5744,5744
2019-08-12,5724.5,5724.5,5724.5,5724.5
2019-08-13,5697,5697,5697,5697
2019-08-14,5732,5732,5732,5732
2019-08-15,5696.5,5696.5,5696.5,5696.5
2019-08-16,5710,5710,5710,5710
2019-08-19,5755.5,5755.5,5755.5,5755.5
2019-08-20,5698,5698,5698,5698
2019-08-21,5696.5,5696.5,5696.5,5696.5
2019-08-22,5668,5668,5668,5668
2019-08-23,5675,5675,5675,5675
2019-08-27,5662,5662,5662,5662
2019-08-28,5653,5653,5653,5653
2019-08-29,5722,5722,5722,5722
2019-08-30,5678,5678,5678,5678
2019-09-02,5610.5,5610.5,5610.5,5610.5
2019-09-03,5537,5537,5537,5537
2019-09-04,5663,5663,5663,5663
2019-09-05,5777,5777,5777,5777
2019-09-06,5787.5,5787.5,5787.5,5787.5
2019-09-09,5771,5771,5771,5771
2019-09-10,5738,5738,5738,5738
2019-09-11,5765,5765,5765,5765
2019-09-12,5842.5,5842.5,5842.5,5842.5
2019-09-13,5870,5870,5870,5870
2019-09-16,5877,5877,5877,5877
2019-09-17,5762,5762,5762,5762
2019-09-18,5745,5745,5745,5745
2019-09-19,5758.5,5758.5,5758.5,5758.5
2019-09-20,5777.5,5777.5,5777.5,5777.5
2019-09-23,5695,5695,5695,5695
2019-09-24,5761,5761,5761,5761
2019-09-25,5718.5,5718.5,5718.5,5718.5
2019-09-26,5757,5757,5757,5757
2019-09-27,5714,5714,5714,5714
2019-09-30,5728,5728,5728,5728
2019-10-01,5610,5610,5610,5610
2019-10-02,5629,5629,5629,5629
2019-10-03,5626,5626,5626,5626
2019-10-04,5599,5599,5599,5599
2019-10-07,5626,5626,5626,5626
2019-10-08,5650.5,5650.5,5650.5,5650.5
2019-10-09,5660,5660,5660,5660
2019-10-10,5698.5,5698.5,5698.5,5698.5
2019-10-11,5763,5763,5763,5763
2019-10-14,5718.5,5718.5,5718.5,5718.5
2019-10-15,5745,5745,5745,5745
2019-10-16,5684,5684,5684,5684
2019-10-17,5726.5,5726.5,5726.5,5726.5
2019-10-18,5751,5751,5751,5751
2019-10-21,5820,5820,5820,5820
2019-10-22,5794,5794,5794,5794
2019-10-23,5773,5773,5773,5773
2019-10-24,5869,5869,5869,5869
2019-10-25,5867.5,5867.5,5867.5,5867.5
2019-10-28,5888.5,5888.5,5888.5,5888.5
2019-10-29,5879.5,5879.5,5879.5,5879.5
2019-10-30,5883,5883,5883,5883
2019-10-31,5825,5825,5825,5825
2019-11-01,5797,5797,5797,5797
2019-11-04,5846.5,5846.5,5846.5,5846.5
2019-11-05,5880,5880,5880,5880
2019-11-06,5913.5,5913.5,5913.5,5913.5
2019-11-07,5941,5941,5941,5941
2019-11-08,5951.5,5951.5,5951.5,5951.5
2019-11-11,5857,5857,5857,5857
2019-11-12,5838,5838,5838,5838
2019-11-13,5823,5823,5823,5823
2019-11-14,5835,5835,5835,5835
2019-11-15,5812,5812,5812,5812
2019-11-18,5828,5828,5828,5828
2019-11-19,5821.5,5821.5,5821.5,5821.5
2019-11-20,5873,5873,5873,5873
2019-11-21,5813,5813,5813,5813
2019-11-22,5834,5834,5834,5834
2019-11-25,5872.5,5872.5,5872.5,5872.5
2019-11-26,5856,5856,5856,5856
2019-11-27,5925.5,5925.5,5925.5,5925.5
2019-11-28,5881.5,5881.5,5881.5,5881.5
2019-11-29,5854,5854,5854,5854
2019-12-02,5855.5,5855.5,5855.5,5855.5
2019-12-04,5823,5823,5823,5823
2019-12-05,5855,5855,5855,5855
2019-12-06,5867.5,5867.5,5867.5,5867.5
2019-12-09,5985,5985,5985,5985
2019-12-10,6055,6055,6055,6055
2019-12-11,6083,6083,6083,6083
2019-12-12,6097,6097,6097,6097
2019-12-13,6154,6154,6154,6154
2019-12-16,6155.5,6155.5,6155.5,6155.5
2019-12-17,6175,6175,6175,6175
2019-12-18,6126.5,6126.5,6126.5,6126.5
2019-12-19,6161,6161,6161,6161
2019-12-20,6155.5,6155.5,6155.5,6155.5
2019-12-23,6153,6153,6153,6153
2019-12-24,6184.5,6184.5,6184.5,6184.5
2019-12-27,6211,6211,6211,6211
2019-12-30,6183.5,6183.5,6183.5,6183.5
2019-12-31,6156,6156,6156,6156
2020-01-02,6165.5,6165.5,6165.5,6165.5
2020-01-03,6077,6077,6077,6077
2020-01-06,6097.5,6097.5,6097.5,6097.5
2020-01-07,6134.5,6134.5,6134.5,6134.5
2020-01-08,6154,6154,6154,6154
2020-01-09,6156,6156,6156,6156
2020-01-10,6157,6157,6157,6157
2020-01-13,6177,6177,6177,6177
2020-01-14,6247,6247,6247,6247
2020-01-15,6232,6232,6232,6232
2020-01-16,6300.5,6300.5,6300.5,6300.5
2020-01-17,6276.5,6276.5,6276.5,6276.5
2020-01-20,6245,6245,6245,6245
2020-01-21,6158.5,6158.5,6158.5,6158.5
2020-01-22,6103.5,6103.5,6103.5,6103.5
2020-01-23,6050,6050,6050,6050
2020-01-24,5968,5968,5968,5968
2020-01-27,5779,5779,5779,5779
2020-01-28,5715,5715,5715,5715
2020-01-29,5698,5698,5698,5698
2020-01-30,5621,5621,5621,5621
2020-01-31,5570,5570,5570,5570
2020-02-03,5595,5595,5595,5595
2020-02-04,5652,5652,5652,5652
2020-02-05,5714,5714,5714,5714
2020-02-06,5726,5726,5726,5726
2020-02-07,5653,5653,5653,5653
2020-02-10,5659.5,5659.5,5659.5,5659.5
2020-02-11,5696,5696,5696,5696
2020-02-12,5747,5747,5747,5747
2020-02-13,5716,5716,5716,5716
2020-02-14,5737,5737,5737,5737
2020-02-17,5802,5802,5802,5802
2020-02-18,5728,5728,5728,5728
2020-02-19,5745.5,5745.5,5745.5,5745.5
2020-02-20,5730,5730,5730,5730
2020-02-21,5702,5702,5702,5702
2020-02-24,5657.5,5657.5,5657.5,5657.5
2020-02-25,5663.5,5663.5,5663.5,5663.5
2020-02-26,5614,5614,5614,5614
2020-02-27,5618,5618,5618,5618
2020-02-28,5573,5573,5573,5573
2020-03-02,5640,5640,5640,5640
2020-03-03,5668,5668,5668,5668
2020-03-04,5694.5,5694.5,5694.5,5694.5
2020-03-05,5667.5,5667.5,5667.5,5667.5
2020-03-06,5624,5624,5624,5624
2020-03-09,5483,5483,5483,5483
2020-03-10,5598,5598,5598,5598
2020-03-11,5552,5552,5552,5552
2020-03-12,5386.5,5386.5,5386.5,5386.5
2020-03-13,5530.5,5530.5,5530.5,5530.5
2020-03-16,5211,5211,5211,5211
2020-03-17,5205,5205,5205,5205
2020-03-18,4860.5,4860.5,4860.5,4860.5
2020-03-19,4685,4685,4685,4685
2020-03-20,4855,4855,4855,4855
2020-03-23,4617.5,4617.5,4617.5,4617.5
2020-03-24,4789.5,4789.5,4789.5,4789.5
2020-03-25,4754,4754,4754,4754
2020-03-26,4775.5,4775.5,4775.5,4775.5
2020-03-27,4774,4774,4774,4774
2020-03-30,4763,4763,4763,4763
2020-03-31,4797,4797,4797,4797
2020-04-01,4772,4772,4772,4772
2020-04-02,4821.5,4821.5,4821.5,4821.5
2020-04-03,4863.5,4863.5,4863.5,4863.5
2020-04-06,4867,4867,4867,4867
2020-04-07,5067.5,5067.5,5067.5,5067.5
2020-04-08,4976,4976,4976,4976
2020-04-09,4963.5,4963.5,4963.5,4963.5
2020-04-14,5119,5119,5119,5119
2020-04-15,5054.5,5054.5,5054.5,5054.5
2020-04-16,5098.5,5098.5,5098.5,5098.5
2020-04-17,5175.5,5175.5,5175.5,5175.5
2020-04-20,5169.5,5169.5,5169.5,5169.5
2020-04-21,4994.5,4994.5,4994.5,4994.5
2020-04-22,5034,5034,5034,5034
2020-04-23,5120.5,5120.5,5120.5,5120.5
2020-04-24,5118,5118,5118,5118
2020-04-27,5165.5,5165.5,5165.5,5165.5
2020-04-28,5169.5,5169.5,5169.5,5169.5
2020-04-29,5184,5184,5184,5184
2020-04-30,5231,5231,5231,5231
2020-05-01,5061,5061,5061,5061
2020-05-04,5058,5058,5058,5058
2020-05-05,5111.5,5111.5,5111.5,5111.5
2020-05-06,5199.5,5199.5,5199.5,5199.5
2020-05-07,5227.5,5227.5,5227.5,5227.5
2020-05-08,5227.5,5227.5,5227.5,5227.5
2020-05-11,5231,5231,5231,5231
2020-05-12,5234,5234,5234,5234
2020-05-13,5212.5,5212.5,5212.5,5212.5
2020-05-14,5155.5,5155.5,5155.5,5155.5
2020-05-15,5165,5165,5165,5165
2020-05-18,5249.5,5249.5,5249.5,5249.5
2020-05-19,5314,5314,5314,5314
2020-05-20,5333,5333,5333,5333
2020-05-21,5387,5387,5387,5387
2020-05-22,5242.5,5242.5,5242.5,5242.5
2020-05-26,5341.5,5341.5,5341.5,5341.5
2020-05-27,5308.5,5308.5,5308.5,5308.5
2020-05-28,5278.5,5278.5,5278.5,5278.5
2020-05-29,5332.5,5332.5,5332.5,5332.5
2020-06-01,5376.5,5376.5,5376.5,5376.5
2020-06-02,5463,5463,5463,5463
2020-06-03,5499,5499,5499,5499
2020-06-04,5452.5,5452.5,5452.5,5452.5
2020-06-05,5588,5588,5588,5588
2020-06-08,5659,5659,5659,5659
2020-06-09,5680.5,5680.5,5680.5,5680.5
2020-06-10,5801,5801,5801,5801
2020-06-11,5801.5,5801.5,5801.5,5801.5
2020-06-12,5785.5,5785.5,5785.5,5785.5
2020-06-15,5646,5646,5646,5646
2020-06-16,5759.5,5759.5,5759.5,5759.5
2020-06-17,5734,5734,5734,5734
2020-06-18,5799,5799,5799,5799
2020-06-19,5835.5,5835.5,5835.5,5835.5
2020-06-22,5825,5825,5825,5825
2020-06-23,5895,5895,5895,5895
2020-06-24,5871,5871,5871,5871
2020-06-25,5880.5,5880.5,5880.5,5880.5
2020-06-26,5985.5,5985.5,5985.5,5985.5
2020-06-29,5957,5957,5957,5957
2020-06-30,6038,6038,6038,6038
2020-07-01,6016.5,6016.5,6016.5,6016.5
2020-07-02,6080,6080,6080,6080
2020-07-03,6022.5,6022.5,6022.5,6022.5
2020-07-06,6112,6112,6112,6112
2020-07-07,6086,6086,6086,6086
2020-07-08,6194,6194,6194,6194
2020-07-09,6339.5,6339.5,6339.5,6339.5
2020-07-10,6322.5,6322.5,6322.5,6322.5
2020-07-13,6545,6545,6545,6545
