Data,Otwarcie,Najwyzszy,Najnizszy,Zamkniecie,Wolumen
2015-01-02,102.45,102.83,101.97,102.4,309987
2015-01-05,102.16,102.88,99.91,100.09,479228
2015-01-07,100.53,105.45,99.67,104.89,966372
2015-01-08,105.35,107.15,105.35,107.11,711805
2015-01-09,107.15,107.15,103.87,104.33,563221
2015-01-12,104.75,106.22,101.79,102.45,659750
2015-01-13,101.97,104.84,101.18,101.97,1442894
2015-01-14,97.745,97.745,93.707,94.881,3939615
2015-01-15,96.009,98.269,93.198,96.102,3171842
2015-01-16,96.102,97.327,94.74,96.997,690058
2015-01-19,97.56,98.589,96.716,97.56,708310
2015-01-20,97.609,99.53,97.046,98.075,705867
2015-01-21,98.502,101.03,97.793,101.03,1017623
2015-01-22,101.03,104.66,100.53,103.39,1521293
2015-01-23,103.43,104.75,100.62,101.75,819443
2015-01-26,98.682,100.7,97.89,99.446,1220204
2015-01-27,99.347,100.33,95.398,96.572,1283640
2015-01-28,97.046,97.939,95.398,96.852,699281
2015-01-29,96.803,99.148,96.102,98.782,755603
2015-01-30,98.356,100.01,98.221,99.019,976557
2015-02-02,99.72,101.22,99.62,100.7,612089
2015-02-03,101.32,105.22,101.32,105.22,1223201
2015-02-04,105.08,106.12,104.18,105.17,953111
2015-02-05,104.33,104.71,101.88,103.77,665522
2015-02-06,104.14,105.55,103.82,105.27,904276
2015-02-09,104.33,106.12,104.09,106.12,639839
2015-02-10,106.02,106.96,104.89,105.35,861362
2015-02-11,105.55,107.11,105.55,107.11,654718
2015-02-12,107.15,107.34,106.12,106.58,865169
2015-02-13,106.68,107.99,106.34,106.91,1093063
2015-02-16,107.62,110.39,107.29,110.25,1309212
2015-02-17,110.05,110.05,107.8,108.56,1197448
2015-02-18,109.5,110.63,109.21,109.92,1156748
2015-02-19,109.97,111.38,108.69,111.38,2372646
2015-02-20,110.91,111.28,110.25,110.72,553257
2015-02-23,110.91,111.61,109.97,110.58,537295
2015-02-24,110.1,113.06,109.07,113.06,1020091
2015-02-25,112.79,113.59,111.47,112.08,621217
2015-02-26,112.32,115.89,112.32,115.32,1297856
2015-02-27,115.09,115.32,113.73,113.73,1059442
2015-03-02,113.73,115.23,113.49,114.24,696424
2015-03-03,113.34,113.39,110.91,111.28,877815
2015-03-04,111.14,111.81,110.15,110.35,697695
2015-03-05,110.39,113.16,110.02,112.79,762326
2015-03-06,112.65,112.93,110.3,111.85,1010651
2015-03-09,110.91,112.22,110.05,110.05,911774
2015-03-10,110.25,110.63,107.66,108.09,1064105
2015-03-11,108.09,109.82,107.29,107.34,753385
2015-03-12,107.99,109.82,107.99,109.59,1225636
2015-03-13,109.68,110.05,106.72,107.15,840219
2015-03-16,108.09,108.51,106.96,107.8,451524
2015-03-17,107.52,108.04,106.49,107.62,602277
2015-03-18,107.62,108.04,107.11,107.99,464164
2015-03-19,108.56,110.25,108.56,110.25,856778
2015-03-20,110.44,113.01,110.25,113.01,1833491
2015-03-23,113.16,114.47,112.45,114.47,505356
2015-03-24,113.54,114.47,112.74,114.38,471172
2015-03-25,114.01,114.06,112.37,112.84,418653
2015-03-26,113.16,114.8,110.49,111.23,715342
2015-03-27,111.38,113.26,110.67,112.79,521389
2015-03-30,113.16,114.57,113.16,114.57,426420
2015-03-31,114.47,114.67,111.93,112.79,588618
2015-04-01,112.32,113.06,111.61,111.98,496721
2015-04-02,112.12,112.79,112.03,112.27,203348
2015-04-07,113.34,113.34,111.89,112.03,652938
2015-04-08,112.6,114.11,111.85,111.93,618441
2015-04-09,111.98,112.41,110.49,111.09,556692
2015-04-10,111.81,112.45,110.53,112.12,569107
2015-04-13,112.12,112.27,110.63,111.56,461462
2015-04-14,110.86,110.86,109.21,110.25,575210
2015-04-15,110.25,112.03,109.73,110.99,634824
2015-04-16,111.38,113.3,111.38,113.3,1110180
2015-04-17,113.21,113.21,111.52,111.52,682580
2015-04-20,111.93,112.37,111.09,111.71,677894
2015-04-21,112.03,112.41,109.5,109.97,678817
2015-04-22,110.63,111.28,110.25,110.25,758938
2015-04-23,111.09,111.81,110.35,110.44,484688
2015-04-24,111.81,112.7,110.76,112.32,1422736
2015-04-27,112.32,116.08,112.22,115.79,1612601
2015-04-28,115.61,118.05,115.14,117.96,1325010
2015-04-29,117.49,118.24,115.61,117.67,686246
2015-04-30,117.07,118.85,116.78,118.85,1196780
2015-05-04,119.08,122.56,119.08,122.18,1159107
2015-05-05,121.53,122.66,120.49,122.66,1119781
2015-05-06,122.18,123.45,120.95,121.38,848091
2015-05-07,120.95,120.95,119.65,120.11,633916
2015-05-08,120.54,122.37,120.36,122.09,716192
2015-05-11,120.31,120.88,119.47,119.47,433162
2015-05-12,119.37,120.07,117.2,119.83,1254304
2015-05-13,120.07,123.13,120.07,123.13,725135
2015-05-14,122.89,123.03,119.93,119.93,693286
2015-05-15,120.36,121.57,119.6,121.2,527778
2015-05-18,121.25,121.48,119.37,119.37,863296
2015-05-19,119.78,119.83,118.61,118.99,530820
2015-05-20,119.32,119.32,117.76,118.24,696341
2015-05-21,118.7,119.7,118.43,119.55,693204
2015-05-22,119.37,119.7,118.24,118.8,405797
2015-05-25,118.85,119.37,117.25,117.86,449102
2015-05-26,119.37,119.37,117.48,117.48,659495
2015-05-27,117.96,118.06,114.17,117.52,724882
2015-05-28,117.91,117.91,113.83,113.83,866219
2015-05-29,114.9,115.43,111.85,111.85,1401065
2015-06-01,112.03,115.28,112.03,115,830755
2015-06-02,115.05,115.1,111.65,112.13,793476
2015-06-03,112.33,114.27,111.89,113.01,487561
2015-06-05,112.42,112.42,109.47,109.85,742291
2015-06-08,109.85,110.14,106.4,106.84,777062
2015-06-09,107.52,108.63,105.77,107.28,1006397
2015-06-10,107.52,113.54,107.52,112.62,1361486
2015-06-11,112.52,113.01,110.77,110.77,1159083
2015-06-12,110.87,111.55,108.88,109.7,967908
2015-06-15,109.22,110.82,108.83,110.58,583050
2015-06-16,110.82,111.45,110.09,110.39,946405
2015-06-17,110.68,111.06,108.73,108.73,804938
2015-06-18,109.52,110.09,108.11,109.12,664525
2015-06-19,109.03,109.32,106.99,107.04,1049257
2015-06-22,107.28,108.68,106.35,107.09,611717
2015-06-23,108.35,109.12,106.79,108.63,1215948
2015-06-24,109.12,109.32,107.04,107.76,771667
2015-06-25,107.28,108.11,106.79,107.76,1059330
2015-06-26,107.96,107.96,106.99,107.62,226629
2015-06-29,104.85,106.12,103.39,104.32,605107
2015-06-30,104.32,105.1,102.03,103.44,742876
2015-07-01,103.88,104.32,101.94,101.94,930685
2015-07-02,102.28,103.69,102.03,102.52,720745
2015-07-03,102.91,103.2,101.5,102.72,512476
2015-07-06,100.77,101.16,99.029,100.77,396041
2015-07-07,100.92,101.11,96.114,96.153,1152585
2015-07-08,95.143,96.979,93.804,96.6,1572392
2015-07-09,98.347,99.8,97.57,99.6,846024
2015-07-10,100.77,101.75,100.49,100.49,825088
2015-07-13,101.46,101.65,99.317,99.52,618468
2015-07-14,99.75,99.8,97.085,98.056,669729
2015-07-15,98.732,99.56,97.959,99.128,553556
2015-07-16,100.14,101.46,99.9,101.46,505490
2015-07-17,101.7,101.89,98.732,98.93,598895
2015-07-20,99.128,99.218,96.406,96.406,597103
2015-07-21,96.939,97.619,94.978,96.114,523520
2015-07-22,95.503,95.503,87.667,87.667,2063620
2015-07-23,88.347,89.93,86.406,86.406,1518401
2015-07-24,85.435,89.221,82.056,88.056,2220463
2015-07-27,87.376,98.347,85.823,95.143,3513385
2015-07-28,95.056,98.056,93.201,94.27,1987806
2015-07-29,95.406,95.609,90.609,90.639,1082994
2015-07-30,91.697,92.609,89.803,91.259,1005856
2015-07-31,91.259,92.658,90.309,92.231,1247162
2015-08-03,91.259,92.134,91.066,91.687,499746
2015-08-04,91.259,91.735,88.988,90.502,610940
2015-08-05,90.58,92.716,89.57,92.716,764532
2015-08-06,92.231,92.231,87.066,87.667,857152
2015-08-07,88.037,90.289,87.376,89.852,511174
2015-08-10,90.678,92.231,89.512,91.988,659361
2015-08-11,91.648,93.978,90.289,91.551,766932
2015-08-12,90.435,90.435,87.91,89.775,1129899
2015-08-13,90.25,90.678,88.463,88.736,670331
2015-08-14,92.221,92.221,88.202,88.736,601623
2015-08-17,88.833,88.92,87.473,87.561,425483
2015-08-18,87.386,87.561,83.338,84.075,1043773
2015-08-19,84.454,84.454,81.095,81.552,1368278
2015-08-20,81.842,83.056,80.58,82.814,1345261
2015-08-21,81.473,82.028,80.552,81.358,1126299
2015-08-24,77.668,77.668,67.183,70.979,2441024
2015-08-25,69.901,75.727,69.61,72.465,1624136
2015-08-26,72.813,73.202,69.231,69.231,1334235
2015-08-27,71.192,75.727,71.192,75.697,1965532
2015-08-28,77.183,77.523,74.969,77.183,1303098
2015-08-31,77.183,77.231,74.172,76.241,801561
2015-09-01,75.182,75.182,72.716,73.716,599307
2015-09-02,74.697,76.561,73.445,74.085,1165144
2015-09-03,75.241,78.92,75.241,78.153,1241872
2015-09-04,77.571,77.571,74.367,74.367,840067
2015-09-07,75.717,76.901,74.901,75.727,797815
2015-09-08,75.969,78.833,75.891,78.104,1179162
2015-09-09,80.483,81.959,79.513,80.969,1370450
2015-09-10,80.862,82.998,79.843,82.998,1299179
2015-09-11,83.008,83.251,81.804,82.406,601477
2015-09-14,81.066,84.367,79.804,81.988,861831
2015-09-15,81.794,83.154,81.066,83.154,838923
2015-09-16,83.832,85.241,83.638,85.231,1041613
2015-09-17,85.435,87.852,85.241,87.376,1108953
2015-09-18,87.716,87.716,83.066,84.221,1434768
2015-09-21,84.318,84.804,82.619,83.154,634277
2015-09-22,83.299,83.299,78.668,78.833,1816208
2015-09-23,77.668,79.989,76.717,77.668,1094573
2015-09-24,78.104,79.61,77.474,78.998,891140
2015-09-25,79.61,79.959,78.551,78.784,573344
2015-09-28,78.736,78.736,74.085,74.172,901946
2015-09-29,72.716,76.057,70.29,75.727,1397096
2015-09-30,77.134,79.6,76.736,79.561,1072238
2015-10-01,80.969,82.182,78.027,78.95,957479
2015-10-02,78.989,79.493,75.843,76.474,1028989
2015-10-05,78.163,81.745,77.911,81.338,1179377
2015-10-06,80.872,86.503,79.513,84.658,1706744
2015-10-07,87.134,89.706,86.357,88.056,2909663
2015-10-08,86.891,89.415,85.998,88.347,1650333
2015-10-09,90.289,92.755,90.289,92.716,1931946
2015-10-12,93.241,94.173,90.115,90.454,1186698
2015-10-13,89.92,91.609,88.842,91.599,611138
2015-10-14,91.259,91.697,89.124,90.92,810288
2015-10-15,91.697,92.707,91.648,92.522,587190
2015-10-16,92.231,93.104,90.775,91.211,892554
2015-10-19,89.512,92.037,87.959,88.542,792275
2015-10-20,87.881,90.143,86.047,89.512,724770
2015-10-21,90.289,90.939,88.542,88.91,671186
2015-10-22,89.882,92.93,89.366,92.911,885501
2015-10-23,93.017,97.085,93.017,95.337,1949163
2015-10-26,97.076,97.085,93.007,93.25,858500
2015-10-27,93.978,94.173,91.357,91.357,1032601
2015-10-28,90.299,92.707,89.124,91.474,674911
2015-10-29,91.251,91.251,87.183,88.076,1088823
2015-10-30,88.347,88.833,86.406,87.24,1197318
2015-11-02,87.619,90.017,87.28,90.017,773005
2015-11-03,90.289,90.58,89.192,89.609,570695
2015-11-04,90.289,93.163,90.289,91.056,1092786
2015-11-05,90.338,90.599,88.076,88.076,715462
2015-11-06,88.416,88.726,86.134,86.891,1134143
2015-11-09,86.901,88.124,86.531,86.531,491512
2015-11-10,86.6,86.813,83.105,84.124,804311
2015-11-12,83.494,84.056,78.853,78.853,950523
2015-11-13,74.852,77.668,74.775,75.057,1398542
2015-11-16,75.047,75.494,70.969,70.969,1716338
2015-11-17,70.969,76.697,70.969,75.862,1359469
2015-11-18,76.503,76.503,71.6,75.522,1224420
2015-11-19,76.211,76.387,73.707,73.979,851823
2015-11-20,75.008,75.61,74.076,75.115,982968
2015-11-23,71.843,72.804,69.61,71.989,1392984
2015-11-24,72.143,73.542,69.901,71.299,1503074
2015-11-25,72.474,74.561,70.387,70.775,1403291
2015-11-26,72.328,73.289,71.571,72.678,788839
2015-11-27,72.649,72.649,70.707,71.445,845130
2015-11-30,70.872,71.532,69.833,70.193,1503535
2015-12-01,71.357,72.018,70.959,71.299,599926
2015-12-02,71.552,71.687,66.018,66.164,2109542
2015-12-03,66.261,67.085,65.241,66.212,1018439
2015-12-04,66.212,66.494,61.163,64.562,1817264
2015-12-07,65.047,65.872,60.436,61.106,957302
2015-12-08,60.445,61.649,57.086,57.377,1978378
2015-12-09,57.494,59.455,55.193,57.63,2033914
2015-12-10,58.251,59.416,57.668,58.251,767078
2015-12-11,61.047,61.552,57.862,59.134,1229818
2015-12-14,60.076,60.076,58.231,58.649,998813
2015-12-15,58.727,59.125,58.095,58.542,1086489
2015-12-16,58.785,60.193,58.755,59.221,824253
2015-12-17,59.707,59.998,57.28,57.348,1708898
2015-12-18,57.765,59.028,57.425,58.62,1901505
2015-12-21,58.542,60.29,58.348,59.727,916146
2015-12-22,60.426,61.309,59.921,60.338,863242
2015-12-23,61.144,61.746,60.678,60.97,687863
2015-12-28,60.697,61.26,60.193,60.678,689073
2015-12-29,61.309,63.659,61.28,63.105,960965
2015-12-30,63.562,63.562,61.639,61.639,519824
2016-01-04,58.251,58.785,57.571,57.775,813715
2016-01-05,58.591,59.318,58.057,58.455,722083
2016-01-07,56.115,56.698,54.377,54.707,1431252
2016-01-08,55.629,55.902,52.64,53.009,987418
2016-01-11,50.921,52.523,50.008,51.455,1072812
2016-01-12,51.464,53.63,50.97,52.93,887317
2016-01-13,53.882,54.843,53.203,54.27,827112
2016-01-14,54.27,54.503,53.203,54.465,1322949
2016-01-15,53.688,53.814,51.358,51.358,1023703
2016-01-18,49.998,52.232,49.514,51.649,1118446
2016-01-19,53.3,53.582,52.474,52.63,933333
2016-01-20,51.697,52.037,50.358,50.766,1076785
2016-01-21,50.873,52.232,50.435,51.416,1000244
2016-01-22,52.329,53.96,52.203,53.59,1079656
2016-01-25,54.154,54.27,53.26,53.63,780635
2016-01-26,53.057,54.649,52.921,54.465,1376666
2016-01-27,55.135,55.911,54.863,55.387,1374636
2016-01-28,55.766,55.941,54.173,54.368,1261303
2016-01-29,55.115,56.396,54.853,55.824,1876318
2016-02-01,55.339,55.435,54.173,54.62,687098
2016-02-02,55.339,56.562,54.465,54.523,1527620
2016-02-03,54.95,55.639,54.542,55.339,942604
2016-02-04,56.795,58.445,56.601,58.445,1886899
2016-02-05,58.251,61.727,58.105,59.824,2390382
2016-02-08,59.95,60.96,58.988,60.183,754776
2016-02-09,59.221,60.484,56.396,57.183,1617175
2016-02-10,57.192,58.008,56.406,56.872,762553
2016-02-11,56.406,56.504,54.61,55.435,1335678
2016-02-12,55.726,57.261,55.591,56.581,838165
2016-02-15,58.542,59.095,57.795,58.542,936643
2016-02-16,59.221,60.086,58.804,59.067,1019970
2016-02-17,59.426,63.493,59.144,63.008,1824948
2016-02-18,63.59,66.882,63.503,64.183,2938145
2016-02-19,64.465,65.601,63.756,64.465,1513517
2016-02-22,66.504,67.474,66.095,66.988,1451395
2016-02-23,66.872,67.794,65.658,66.62,1078054
2016-02-24,66.028,66.222,62.785,63.396,1556864
2016-02-25,63.299,65.241,62.804,63.406,1268749
2016-02-26,64.756,66.862,64.474,66.212,2192906
2016-02-29,65.532,66.192,64.989,65.959,1035566
2016-03-01,66.144,66.504,64.183,65.707,934134
2016-03-02,67.328,67.746,65.824,66.474,1400174
2016-03-03,65.086,71.445,64.562,71.357,3076466
2016-03-04,72.813,74.076,72.406,73.949,2322515
2016-03-07,73.785,75.231,72.6,74.522,1593634
2016-03-08,74.076,74.658,70.775,70.872,1608467
2016-03-09,70.872,72.222,69.736,71.6,1393532
2016-03-10,71.163,72.328,69.707,69.766,1089314
2016-03-11,70.862,71.765,70.396,70.396,976429
2016-03-14,71.27,72.28,70.93,71.309,1169084
2016-03-15,70.823,71.979,69.95,70.989,1198754
2016-03-16,71.309,71.785,68.193,69.93,1175307
2016-03-17,72.037,73.785,71.562,73.542,1920369
2016-03-18,72.813,74.503,71.707,73.901,1795845
2016-03-21,73.299,74.619,72.833,73.921,638032
2016-03-22,73.688,74.755,71.843,74.755,1120476
2016-03-23,74.755,76.988,73.212,73.785,2650844
2016-03-24,73.581,73.581,71.232,72.28,1394278
2016-03-29,74.125,74.969,72.425,72.813,1430737
2016-03-30,73.328,74.328,72.813,73.979,1017717
2016-03-31,73.785,73.882,72.562,73.882,1190385
2016-04-01,73.591,73.736,71.435,72.804,976325
2016-04-04,72.61,72.61,70.542,71.105,1162200
2016-04-05,70.775,70.775,68.115,68.115,1404239
2016-04-06,68.057,69.377,67.474,67.717,1190549
2016-04-07,68.736,68.92,65.824,65.824,1437949
2016-04-08,66.018,67.067,64.688,64.949,1474189
2016-04-11,65.289,67.261,64.959,66.649,939155
2016-04-12,67.435,68.28,66.552,67.591,1012067
2016-04-13,69.416,71.26,69.037,71.115,1513639
2016-04-14,70.872,71.338,69.707,70.669,939064
2016-04-15,69.989,70.445,68.561,68.93,788381
2016-04-18,67.737,69.144,67.183,68.833,717259
2016-04-19,69.95,72.474,69.533,72.474,1467806
2016-04-20,72.037,74.261,71.435,73.931,1518614
2016-04-21,74.755,75.843,72.474,73.299,1488590
2016-04-22,72.998,73.814,71.998,73.299,930844
2016-04-25,73.056,73.115,71.329,71.795,890045
2016-04-26,71.017,72.232,70.92,71.61,708806
2016-04-27,71.066,72.619,70.532,70.532,682266
2016-04-28,70.513,70.969,68.328,70.173,885144
2016-04-29,70.629,72.241,69.26,72.192,1675083
2016-05-02,72.105,72.338,71.105,71.163,525248
2016-05-04,68.367,69.561,67.484,68.377,1594410
2016-05-05,68.377,68.377,65.698,65.727,1455452
2016-05-06,65.824,67.28,64.814,66.504,1205509
2016-05-09,65.561,66.076,64.581,64.998,810468
2016-05-10,65.338,65.338,62.697,63.105,1375822
2016-05-11,63.756,64.28,63.242,63.309,728033
2016-05-12,64.066,64.076,62.017,62.017,842843
2016-05-13,61.357,62.017,60.882,61.173,1033589
2016-05-16,62.62,64.708,62.25,64.27,1546856
2016-05-17,65.484,66.494,63.125,63.26,2241937
2016-05-18,62.969,62.969,60.484,61.649,1280566
2016-05-19,61.163,61.163,59.678,60.193,961000
2016-05-20,60.97,61.989,60.348,60.348,782935
2016-05-23,60.397,61.3,59.697,60.853,408038
2016-05-24,60.581,61.823,60.387,61.416,935523
2016-05-25,62.125,63.542,61.697,62.717,1361839
2016-05-27,63.688,63.785,60.814,60.814,846117
2016-05-30,61.163,61.26,58.843,59.853,661770
2016-05-31,60.436,60.543,58.552,58.552,1456266
2016-06-01,58.115,58.144,55.979,55.979,1119308
2016-06-02,56.309,56.668,55.358,55.62,1139960
2016-06-03,56.522,59.028,56.406,58.144,1512797
2016-06-06,59.338,60.387,58.658,59.416,738321
2016-06-07,58.931,60.096,58.095,58.931,850213
2016-06-08,59.028,60.406,58.095,60.406,976781
2016-06-09,61.163,61.6,58.62,58.901,1186100
2016-06-10,58.901,59.125,57.484,58.105,607845
2016-06-13,58.202,58.319,57.038,58.057,696403
2016-06-14,57.765,58.212,56.698,57.862,729789
2016-06-15,58.348,59.27,58.047,58.785,1312974
2016-06-16,58.154,58.407,57.076,57.474,1288738
2016-06-17,57.96,58.931,57.775,58.931,1562464
2016-06-20,59.435,60.513,59.435,60.484,822728
2016-06-21,60.426,60.824,59.561,60.193,677498
2016-06-22,61.018,61.736,60.873,61.018,1169483
2016-06-23,61.008,63.27,60.581,62.726,1257329
2016-06-24,55.339,60.096,54.145,59.989,1864152
2016-06-27,60.241,61.076,59.164,59.221,611292
2016-06-28,60.678,62.319,60.193,62.076,1496570
2016-06-29,62.426,64.076,62.047,64.076,879888
2016-06-30,64.076,64.27,62.387,64.076,899432
2016-07-01,64.562,66.377,64.338,66.115,1040270
2016-07-04,65.338,68.387,65.241,66.552,1520146
2016-07-05,66.552,67.474,65.056,65.056,996139
2016-07-06,64.901,65.804,63.785,64.513,2046539
2016-07-07,64.465,66.785,64.416,65.892,1426702
2016-07-08,66.018,66.601,65.707,66.028,1047349
2016-07-11,67.328,69.416,67.28,69.416,1596928
2016-07-12,69.901,70.872,67.833,68.202,1595937
2016-07-13,69.823,71.047,69.173,70.979,1817521
2016-07-14,71.861,73.328,71.276,73.328,2151663
2016-07-15,72.951,75.796,72.624,75.221,2011051
2016-07-18,74.24,76.183,73.645,75.746,1383154
2016-07-19,76.064,76.064,74.835,75.033,890039
2016-07-20,75.31,75.31,73.556,74.656,1351525
2016-07-21,74.844,76.113,74.666,76.073,1045473
2016-07-22,75.439,76.797,75.132,76.321,1142526
2016-07-25,76.381,77.233,76.073,76.222,1223841
2016-07-26,76.222,76.5,75.241,76.113,853645
2016-07-27,75.826,78.968,75.727,78.264,920034
2016-07-28,78.413,79.939,78.413,79.057,1248560
2016-07-29,78.968,78.968,77.322,77.858,1450927
2016-08-01,78.343,79.235,77.501,78.135,393673
2016-08-02,78.304,79.196,77.412,77.511,1280790
2016-08-03,77.312,78.086,76.45,77.114,1125252
2016-08-04,76.619,78.601,76.619,78.155,857365
2016-08-05,78.165,78.928,78.165,78.641,516723
2016-08-08,78.7,79.533,78.66,79.493,589551
2016-08-09,78.799,78.879,77.431,77.808,1597585
2016-08-10,77.808,79.473,77.62,79.245,717442
2016-08-11,79.196,79.384,78.175,79.037,435062
2016-08-12,79.037,79.097,78.205,78.502,388378
2016-08-16,78.115,79.444,78.026,78.839,769405
2016-08-17,78.314,79.097,77.808,77.828,1144144
2016-08-18,77.213,78.502,74.468,78.492,1155256
2016-08-19,78.205,78.72,76.638,77.233,818091
2016-08-22,76.044,76.301,75.082,75.429,1221790
2016-08-23,75.33,76.708,75.32,76.093,720315
2016-08-24,75.33,77.213,75.281,75.826,678585
2016-08-25,75.33,75.33,72.981,73.447,1292094
2016-08-26,73.546,75.013,73.199,74.2,572608
2016-08-29,73.546,74.19,72.376,72.456,507724
2016-08-30,72.376,72.674,71.167,72.029,802722
2016-08-31,72.029,73.427,71.524,72.604,763285
2016-09-01,73.546,73.843,71.118,71.118,495970
2016-09-02,71.464,72.852,70.969,72.456,421714
2016-09-05,72.357,74.517,72.357,74.141,460242
2016-09-06,74.537,75.727,73.159,75.221,595327
2016-09-07,76.212,78.373,76.212,77.412,854343
2016-09-08,77.322,78.006,74.983,75.072,746861
2016-09-09,74.735,75.072,71.613,71.613,1044225
2016-09-12,70.642,70.919,68.342,69.938,1520500
2016-09-13,71.861,71.97,68.987,69.383,1146183
2016-09-14,69.879,70.939,69.779,70.612,764939
2016-09-15,71.266,72.168,70.622,70.87,687528
2016-09-16,71.365,71.663,69.581,69.581,1051461
2016-09-19,70.275,71.038,69.68,70.107,456837
2016-09-20,69.898,70.929,69.888,70.394,773958
2016-09-21,70.553,70.999,70.473,70.681,900414
2016-09-22,71.613,74.131,71.613,73.645,1043752
2016-09-23,73.635,73.734,72.01,73.14,685496
2016-09-26,72.366,72.624,71.207,72.357,855277
2016-09-27,72.357,72.575,70.87,71.564,799795
2016-09-28,71.544,73.021,71.385,72.594,635644
2016-09-29,73.348,73.744,72.604,73.546,909095
2016-09-30,72.713,74.309,72.684,73.843,917928
2016-10-03,73.843,74.825,72.565,72.872,586143
2016-10-04,72.753,74.289,71.97,74.042,721470
2016-10-05,72.456,73.605,72.257,73.001,821360
2016-10-06,72.644,73.011,71.583,72.357,589040
2016-10-07,72.257,73.576,71.564,72.803,538916
2016-10-10,73.1,73.962,72.951,73.298,524566
2016-10-11,73.467,73.576,71.534,71.663,663108
2016-10-12,71.365,72.723,71.167,72.525,460488
2016-10-13,71.365,71.851,69.76,69.928,970926
2016-10-14,70.622,70.929,68.6,69.145,915115
2016-10-17,69.284,69.284,67.014,67.411,1078441
2016-10-18,68.382,69.978,68.293,69.036,736720
2016-10-19,69.185,69.958,68.531,68.689,545768
2016-10-20,69.373,69.373,68.263,68.263,346388
2016-10-21,68.263,69.482,67.906,68.451,743083
2016-10-24,69.284,70.116,69.056,69.958,400389
2016-10-25,71.96,72.347,70.543,70.543,669125
2016-10-26,70.771,71.484,69.234,71.365,604085
2016-10-27,71.028,71.722,70.097,70.146,706256
2016-10-28,70.364,71.167,69.502,71.167,488591
2016-10-31,70.781,71.613,70.126,70.453,575792
2016-11-02,70.107,70.146,68.045,68.392,859993
2016-11-03,68.392,69.363,67.738,68.868,722146
2016-11-04,68.996,70.176,68.887,70.116,662035
2016-11-07,71.603,72.822,71.385,71.811,1152910
2016-11-08,72.01,74.289,72.01,74.289,1256933
2016-11-09,73.447,80.286,73.358,80.286,4112644
2016-11-10,86.332,90.198,84.756,86.749,4233466
2016-11-14,89.217,89.95,83.418,83.418,2118001
2016-11-15,81.277,83.26,80.395,81.773,1409207
2016-11-16,82.258,82.566,80.593,81.277,998446
2016-11-17,81.317,83.042,80.881,81.198,1027957
2016-11-18,80.782,80.782,79.602,80.286,524681
2016-11-21,82.962,83.26,81.961,82.199,724071
2016-11-22,84.251,85.658,83.775,84.251,1087816
2016-11-23,85.44,85.936,83.517,85.847,1169435
2016-11-24,87.423,89.008,87.076,89.008,1322590
2016-11-25,89.098,89.098,87.145,87.769,942587
2016-11-28,89.306,90.079,87.72,87.72,796999
2016-11-29,86.729,88.8,85.738,86.124,1240345
2016-11-30,85.847,89.108,84.845,86.59,1493032
2016-12-01,87.898,87.898,84.251,86.084,1208908
2016-12-02,85.886,86.58,85.41,86.035,651787
2016-12-05,88.394,91.655,88.097,91.03,1974278
2016-12-06,91.377,94.747,90.842,94.46,1712162
2016-12-07,95.649,97.533,93.191,93.419,2211081
2016-12-08,93.419,97.087,92.775,97.087,1660961
2016-12-09,97.136,97.899,95.749,95.897,1209237
2016-12-12,96.581,96.581,94.371,95.56,638290
2016-12-13,95.154,96.541,94.163,94.956,878292
2016-12-14,94.163,94.46,91.913,92.765,1371322
2016-12-15,92.924,93.865,90.614,90.961,1095462
2016-12-16,90.743,91.655,88.711,89.207,1921623
2016-12-19,88.116,88.979,86.778,88.979,1106823
2016-12-20,89.217,91.734,88.453,91.477,663831
2016-12-21,92.18,93.102,90.892,91.318,524354
2016-12-22,89.603,91.863,88.909,91.833,731289
2016-12-23,91.675,91.982,89.97,90.396,372784
2016-12-27,90,91.377,89.95,91.189,444361
2016-12-28,91.714,92.478,91.179,91.189,764060
2016-12-29,91.189,92.448,90.892,90.892,370034
2016-12-30,91.288,92.18,90.971,91.665,380448
2017-01-02,91.665,91.833,90.803,91.358,172408
2017-01-03,92.676,95.025,92.25,93.171,1076670
2017-01-04,93.717,95.253,93.072,95.154,1135399
2017-01-05,95.154,95.907,94.361,94.965,858176
2017-01-09,94.628,95.451,94.361,95.154,490769
2017-01-10,96.046,99.96,96.046,99.317,1613544
2017-01-11,100.11,105.07,99.96,104.92,2557120
2017-01-12,105.36,108.34,105.21,107.15,3183435
2017-01-13,107.25,108.83,105.81,108.04,1295742
2017-01-16,108.04,110.76,108.04,109.03,1199254
2017-01-17,107.3,109.53,106.16,108.78,1120862
2017-01-18,108.53,113.74,108.04,112.35,1983766
2017-01-19,112.85,113.49,110.32,111.71,1200555
2017-01-20,111.01,112,110.72,111.95,865823
2017-01-23,112.5,113.44,111.9,112,538572
2017-01-24,112.2,116.96,112.1,116.56,1751805
2017-01-25,117.95,121.57,117.95,121.57,2139144
2017-01-26,122.41,124.29,120.33,120.97,1520906
2017-01-27,119.93,124.49,112.1,123.9,1805509
2017-01-30,123.9,125.38,121.22,121.22,1119251
2017-01-31,121.22,124.34,120.03,122.81,1279053
2017-02-01,124.34,127.62,124.34,125.63,1135355
2017-02-02,125.88,125.88,123.06,124.39,729854
2017-02-03,122.81,123.75,121.72,123.01,937073
2017-02-06,123.11,125.19,122.56,124.84,577939
2017-02-07,123.7,124.54,122.71,123.6,1044171
2017-02-08,125.38,125.68,122.91,122.91,1169313
2017-02-09,123.65,124.25,122.11,122.76,1082737
2017-02-10,124,126.28,122.51,125.73,1565527
2017-02-13,129.85,130.04,127.91,129.8,1089878
2017-02-14,129.85,130.34,127.86,127.86,1155715
2017-02-15,125.58,127.81,124.49,127.81,1051354
2017-02-16,127.62,128.61,126.03,127.76,786726
2017-02-17,127.37,127.66,126.13,126.67,867268
2017-02-20,127.52,129.25,127.47,129.25,641641
2017-02-21,128.71,134.36,128.61,134.31,1299534
2017-02-22,133.81,134.8,131.28,132.37,1031126
2017-02-23,131.63,134.55,130.84,131.83,1082765
2017-02-24,131.93,131.98,126.43,129.35,2123929
2017-02-27,129.35,131.33,127.71,129.6,676704
2017-02-28,129,129.35,126.97,127.86,902283
2017-03-01,130.39,131.23,128.95,130.34,839803
2017-03-02,130.79,131.13,127.96,129.05,741789
2017-03-03,127.47,127.71,125.48,126.48,833388
2017-03-06,125.88,126.28,123.2,123.2,713157
2017-03-07,122.91,124.29,117.9,117.9,1848883
2017-03-08,117.95,121.52,117.95,119.44,784557
2017-03-09,117.46,118.2,114.53,116.37,1324325
2017-03-10,117.16,119.49,116.96,116.96,800472
2017-03-13,119.74,121.62,119.44,121.47,981460
2017-03-14,122.46,123.6,119.54,123.15,1040403
2017-03-15,123.3,125.43,122.21,122.36,834776
2017-03-16,125.88,126.97,124.99,126.77,845190
2017-03-17,125.88,128.31,124.69,125.88,1745766
2017-03-20,124.89,125.83,122.71,124.49,767471
2017-03-21,123.01,125.29,121.32,121.92,1054726
2017-03-22,119.93,122.01,118.15,121.67,829774
2017-03-23,122.86,123.4,119.34,120.33,925062
2017-03-24,120.92,122.01,118.74,118.94,482667
2017-03-27,116.96,117.6,115.32,116.22,862713
2017-03-28,118.1,119.49,117.01,117.95,453613
2017-03-29,120.13,121.32,115.77,117.46,1206238
2017-03-30,118.15,118.35,114.58,118.3,684292
2017-03-31,117.8,117.8,114.78,114.78,795894
2017-04-03,116.56,118.25,115.18,116.91,556319
2017-04-04,115.97,119.59,115.82,119.04,833251
2017-04-05,120.73,127.37,119.74,127.37,1343965
2017-04-06,126.08,127.66,124.69,127.57,1010178
2017-04-07,125.48,128.36,125.19,128.36,1012881
2017-04-10,127.86,127.86,125.14,125.14,539655
2017-04-11,125.14,125.29,120.68,121.02,990695
2017-04-12,119.93,122.71,119.04,120.43,636501
2017-04-13,121.87,122.41,118.05,120.38,495758
2017-04-18,120.38,120.63,116.96,116.96,664091
2017-04-19,118.05,120.43,117.16,119.93,715009
2017-04-20,119.14,122.21,118.64,120.68,745116
2017-04-21,121.92,122.26,119.54,119.54,475999
2017-04-24,122.91,122.91,120.73,121.02,401964
2017-04-25,121.92,123.25,121.42,122.91,613644
2017-04-26,122.11,124.99,121.97,124.84,611872
2017-04-27,123.85,124.34,121.52,121.52,568232
2017-04-28,121.32,122.61,120.78,122.01,725993
2017-05-02,122.51,123.15,121.22,122.11,454168
2017-05-04,118.94,119.93,115.77,117.65,1574585
2017-05-05,117.01,118.25,115.13,117.36,950504
2017-05-08,117.31,117.31,111.31,112.75,1567633
2017-05-09,112.75,115.97,111.71,115.27,886851
2017-05-10,115.18,116.07,113.09,113.24,873780
2017-05-11,114.73,117.46,113.99,114.14,745664
2017-05-12,114.18,116.46,113.74,116.46,540155
2017-05-15,117.85,118.79,116.17,116.46,530845
2017-05-16,116.02,116.86,113.54,113.64,745725
2017-05-17,112.7,115.13,111.56,111.61,551196
2017-05-18,111.01,112.9,109.08,111.26,646347
2017-05-19,112,114.58,111.56,113.99,715908
2017-05-22,114.23,115.08,112.5,114.23,543245
2017-05-23,113,113.44,109.97,110.02,855125
2017-05-24,109.63,110.72,107.99,109.48,893217
2017-05-25,110.37,113.79,110.37,113.19,901206
2017-05-26,112.65,114.09,109.67,109.77,685338
2017-05-29,109.58,110.17,109.18,109.97,144004
2017-05-30,108.93,109.53,108.09,108.14,370461
2017-05-31,108.04,108.44,104.62,104.77,1315205
2017-06-01,105.07,108.04,104.52,108.04,567148
2017-06-02,108.04,109.08,105.86,107.59,545488
2017-06-05,107.15,107.49,105.66,107.1,236394
2017-06-06,106.5,109.38,105.66,109.38,668273
2017-06-07,108.83,110.76,105.91,106.06,761686
2017-06-08,106.8,111.46,106.8,111.46,1013866
2017-06-09,112.9,113.79,110.67,113.49,794938
2017-06-12,113.29,113.29,109.72,110.02,550415
2017-06-13,109.13,110.22,108.63,108.73,600507
2017-06-14,109.53,110.02,106.75,107.05,382217
2017-06-16,107.15,107.69,105.71,105.71,943848
2017-06-19,106.85,109.82,106.85,108.24,445289
2017-06-20,108.49,108.98,104.72,105.56,620853
2017-06-21,105.76,108.98,104.22,108.98,684562
2017-06-22,108.04,108.39,106.26,107.3,526414
2017-06-23,108.04,109.58,107.64,107.84,1110793
2017-06-26,109.13,110.02,108.58,108.68,589756
2017-06-27,109.53,111.51,108.34,110.42,1021736
2017-06-28,110.27,110.67,108.73,109.38,740520
2017-06-29,112.5,113.24,110.57,111.61,438969
2017-06-30,111.71,111.86,108.83,109.67,405712
2017-07-03,110.22,111.51,108.53,110.32,568347
2017-07-04,108.63,111.16,108.53,110.81,261039
2017-07-05,110.12,112,109.82,110.57,444993
2017-07-06,111.01,112.55,109.67,110.32,305025
2017-07-07,110.57,111.16,107.64,107.64,580326
2017-07-10,108.04,108.53,106.16,106.7,362423
2017-07-11,107.44,108.93,107.35,107.89,390402
2017-07-12,108.931,112.45,108.436,112.45,983258
2017-07-13,113.5,114.95,113,114.4,791989
2017-07-14,113.9,115,113.3,114.65,484806
2017-07-17,115.35,120.2,115.35,120.15,1122645
2017-07-18,119.95,121.85,118.75,121,944017
2017-07-19,121.35,122.75,119.65,121.45,868240
2017-07-20,121.4,122.4,118.4,119,811214
2017-07-21,119.85,121.3,118.55,118.55,665166
2017-07-24,118.35,119,116.85,116.85,720300
2017-07-25,120,121.95,119.15,121.95,1334595
2017-07-26,123.2,124.75,122.5,124,934768
2017-07-27,124.4,125.6,122.6,124.6,617726
2017-07-28,123.05,123.3,121.2,121.7,759193
2017-07-31,123.7,124.9,122,122.3,1035060
2017-08-01,122.65,122.7,120.2,121,1059331
2017-08-02,121,121.9,119.05,119.05,662819
2017-08-03,118.8,120.45,118,119.7,562104
2017-08-04,120.9,121,119.05,119.95,458768
2017-08-07,119.95,122,119.4,121.55,547313
2017-08-08,121.45,124.75,120.95,124.7,714674
2017-08-09,125,125.4,122.25,123.25,648349
2017-08-10,123.25,124.25,120.1,120.6,376560
2017-08-11,119.2,119.85,118.5,118.65,608202
2017-08-14,119.6,119.8,118.15,118.7,364529
2017-08-16,119,123.6,118.3,123,756757
2017-08-17,123.4,123.5,120.25,120.35,560491
2017-08-18,120.35,121,118.5,118.7,851003
2017-08-21,120,121.35,119.55,121.35,350694
2017-08-22,122.1,124.25,122.1,123.1,850953
2017-08-23,123.1,123.5,121.15,122.2,376938
2017-08-24,122.4,124.05,122,123.55,576536
2017-08-25,125.8,127,125,126,1027849
2017-08-28,126.9,127.5,125.05,126.6,527754
2017-08-29,127,127.1,124.25,126.7,714908
2017-08-30,127.3,127.85,126.3,126.8,647350
2017-08-31,127.5,128.25,125.05,126.1,843251
2017-09-01,126.55,127.4,125.5,127.1,381628
2017-09-04,126.95,128.2,126.8,128,351275
2017-09-05,128.7,132.25,127.8,128.8,1486053
2017-09-06,129.5,129.8,125.6,125.8,674118
2017-09-07,126.25,127.6,125.35,125.8,588738
2017-09-08,125,125,122.05,123.4,925872
2017-09-11,124.7,126,123.5,125.45,515119
2017-09-12,125.5,125.85,122.7,123.7,480772
2017-09-13,123.65,123.7,119.9,120.3,1090281
2017-09-14,119.7,121.3,118.6,120.15,604240
2017-09-15,120.7,120.95,119,119,946482
2017-09-18,121.4,121.9,119.25,119.35,574224
2017-09-19,119.5,120.6,119.35,120.5,244126
2017-09-20,121,121.55,119.3,120.25,292379
2017-09-21,118.9,118.9,115.8,116.95,940015
2017-09-22,115.3,117.85,114.45,117.85,635118
2017-09-25,117,117.65,114.9,115.55,463340
2017-09-26,115.8,117.4,113.4,113.4,731419
2017-09-27,115.15,115.45,113.6,113.8,536380
2017-09-28,113.8,114.8,112.6,113.65,456822
2017-09-29,115.5,117.75,115.15,117.4,778938
2017-10-02,117.8,118.55,116.5,117.15,502698
2017-10-03,117,118.6,116.6,116.9,472114
2017-10-04,117.65,117.95,114.4,114.4,555392
2017-10-05,115.45,120.4,115.45,120.4,1318787
2017-10-06,121.1,122.2,118.45,120.75,822696
2017-10-09,120.9,122,119.4,121,502860
2017-10-10,121.8,121.8,119.75,121.35,338287
2017-10-11,122,123.3,121.1,122.4,736935
2017-10-12,123.6,124.3,122.85,123.3,580596
2017-10-13,123.5,123.8,120.8,121.4,479495
2017-10-16,125.05,127.15,124.75,126.75,1198574
2017-10-17,126.05,127.35,124.95,125.95,866462
2017-10-18,126.05,127.15,124.5,126.5,686511
2017-10-19,125.9,126.4,123.05,123.65,525027
2017-10-20,125,125.7,122.4,122.4,378412
2017-10-23,122.5,123.25,121.6,122,399364
2017-10-24,123.3,124.05,121.3,122.2,541773
2017-10-25,121,122.7,120.15,121.3,408095
2017-10-26,121.1,123,119.3,120.7,560888
2017-10-27,117.5,120.15,116.5,120.15,851914
2017-10-30,120.7,122,120.7,122,246795
2017-10-31,122.5,123.4,120.95,122.95,323295
2017-11-02,123.15,124.15,121.7,122.9,325166
2017-11-03,122.7,122.9,120.65,122.6,163713
2017-11-06,122.6,125.4,122.25,124.75,386833
2017-11-07,124.55,125.8,122.35,122.35,529320
2017-11-08,121.7,122.3,120.7,121.35,382205
2017-11-09,120.8,121,119.1,120.65,505954
2017-11-10,120.7,121.85,119.55,120.4,229542
2017-11-13,121,122.65,119.25,122.05,390103
2017-11-14,121.55,122.25,118.5,119.1,675831
2017-11-15,116.95,117.1,112.15,112.15,2056825
2017-11-16,112.8,113.7,110.3,110.7,937774
2017-11-17,111.8,112.3,110.75,112,497704
2017-11-20,111.95,113.5,110.8,112,431711
2017-11-21,112.5,116.9,112.3,115.5,619144
2017-11-22,116.4,117.25,114,114.25,513622
2017-11-23,113.85,113.9,112.15,112.7,406025
2017-11-24,113.5,114.8,113.3,113.75,509584
2017-11-27,112.8,112.8,111.4,112.2,443743
2017-11-28,111.65,111.65,107.95,109.85,1166211
2017-11-29,110,110,106.3,107.4,946340
2017-11-30,107,108.3,105.3,106.8,1391840
2017-12-01,107,108.5,106.6,108.5,1423618
2017-12-04,109.2,109.45,107.05,107.55,497034
2017-12-05,105,105.4,102.25,103.1,1097733
2017-12-06,101.9,103.6,100.35,101.2,936008
2017-12-07,101.15,102.8,99.75,100,797074
2017-12-08,102,103.55,101.55,102.4,654820
2017-12-11,102.4,103.15,101.55,102.95,518764
2017-12-12,103,103.5,101.2,102.55,555093
2017-12-13,102.1,104,101.7,103.35,899695
2017-12-14,103.6,105.35,103.1,104.05,988622
2017-12-15,104.3,105.2,103.35,103.9,1463085
2017-12-18,106.5,108.5,105.7,108.5,959284
2017-12-19,107.85,108.85,106.95,107,619229
2017-12-20,107.65,110.65,107.65,109.9,780711
2017-12-21,110.2,111.5,109,110.75,572547
2017-12-22,110.7,111,109.2,109.25,252665
2017-12-27,111.95,112.7,111.05,111.7,648722
2017-12-28,112.95,113.1,111.9,112.85,582903
2017-12-29,112,113,111.2,111.2,443834
2018-01-03,111.4,111.7,106.65,109.4,613144
2018-01-04,111.25,113.4,110.25,113.1,641641
2018-01-05,113,113.2,111.9,112.7,370295
2018-01-08,113.2,113.7,111.35,111.8,461082
2018-01-09,112.9,113.5,111.7,112.25,625781
2018-01-10,112,113.85,111.8,113.85,607222
2018-01-11,113.8,115.25,113.1,114.3,520245
2018-01-12,115,115.45,113.4,113.95,443828
2018-01-15,115.5,115.95,114,115,291074
2018-01-16,113.8,114.95,112.1,113.85,691515
2018-01-17,113.85,114.95,112.8,113,500655
2018-01-18,113.45,114,112.3,112.3,416740
2018-01-19,113.6,113.7,112.05,112.7,436068
2018-01-22,112.5,114.25,112.5,113.8,352633
2018-01-23,114,114.75,111.55,112.3,858269
2018-01-24,112.45,113,110.25,112.95,427363
2018-01-25,113.4,113.5,112.2,112.35,480475
2018-01-26,112.55,112.9,111.2,112.45,159997
2018-01-29,112.7,113.35,112.4,113.35,237238
2018-01-30,112,112.65,111.1,111.65,297955
2018-01-31,112.05,112.5,110.05,110.05,560896
2018-02-01,110.5,112,108.55,111.5,384029
2018-02-02,111.7,112.15,107.6,108.5,438877
2018-02-05,107.4,109.6,106.8,108.8,489257
2018-02-06,104,109.45,103.2,107.45,892810
2018-02-07,108.2,108.65,104.8,105.75,561941
2018-02-08,105.3,105.65,103.75,103.75,729006
2018-02-09,103.1,103.45,101.05,102.25,805578
2018-02-12,104.6,105.3,104.05,104.35,455029
2018-02-13,105.9,107,104.75,106.9,504633
2018-02-14,107.35,110.9,106.8,110.5,598776
2018-02-15,111.2,113,109.8,109.8,641731
2018-02-16,111.95,112.5,109.3,110,463560
2018-02-19,110,110.65,107.3,107.5,275719
2018-02-20,107.4,108.85,106.6,108.85,294173
2018-02-21,107.6,110.5,107.55,110.5,477195
2018-02-22,108.6,110.2,107.6,109.3,509347
2018-02-23,109.35,109.95,107.65,107.95,314955
2018-02-26,109.45,110.45,108.6,108.6,411322
2018-02-27,109.85,109.85,107.1,107.75,622822
2018-02-28,107.3,108.1,104.85,105,741154
2018-03-01,105,105.5,101.35,102.8,1054415
2018-03-02,101.5,103.5,101.4,102.5,478892
2018-03-05,102.4,104,102.25,103.6,265496
2018-03-06,104.4,106.7,103.9,106.2,547945
2018-03-07,105.8,106.15,103.1,103.8,831951
2018-03-08,103.7,103.75,101.45,102.4,568086
2018-03-09,102.1,104,102.1,104,410783
2018-03-12,103,104.05,101.3,102.55,533551
2018-03-13,102.45,103.95,102.3,102.65,344925
2018-03-14,103,104.4,103,103.5,453522
2018-03-15,104,104,101.2,102.75,573158
2018-03-16,102.85,104.15,100.65,101.15,1350661
2018-03-19,101.4,101.4,95.1,95.16,1054023
2018-03-20,95,95.02,91.08,93.22,1301801
2018-03-21,93.1,94.88,91.14,94.62,850120
2018-03-22,94.96,95.5,91.32,91.9,759973
2018-03-23,91,91.44,89.16,90.96,629786
2018-03-26,90,90,86.12,86.94,908390
2018-03-27,88.6,89.76,86.8,86.8,706572
2018-03-28,85.94,85.94,82.24,84.2,1401641
2018-03-29,85,88.18,84.7,86.82,944621
2018-04-03,87.06,88,85.2,88,412964
2018-04-04,88.32,88.48,86.08,87.66,684074
2018-04-05,89,91.5,88.9,90.24,778968
2018-04-06,89.88,91.14,89.06,89.86,399937
2018-04-09,91.08,91.36,88.8,89.04,622195
2018-04-10,91,91.98,89.54,91.34,742896
2018-04-11,91.34,93,90.7,91.9,657311
2018-04-12,91.04,92.36,90.3,92,616480
2018-04-13,93,93.78,92.1,92.3,417412
2018-04-16,92.3,93.4,92.26,92.9,417437
2018-04-17,92.9,93.36,92.26,92.84,527974
2018-04-18,93.72,95.5,93,95.5,623727
2018-04-19,95.6,97.78,95,95.9,743808
2018-04-20,95.84,96.8,94.98,95.72,360318
2018-04-23,96.02,96.78,90.88,91.54,804891
2018-04-24,92,94,91.96,92.8,557232
2018-04-25,91,92.4,90.72,91,2079777
2018-04-26,90.86,93.24,90.2,93.24,623822
2018-04-27,93.5,94.22,91.72,92.24,383967
2018-04-30,92.66,94.26,91.88,93.64,578013
2018-05-02,94.3,95.86,93.7,95.8,380686
2018-05-04,95.8,95.8,92.26,92.7,603135
2018-05-07,93,93.16,91.48,91.98,226932
2018-05-08,92.4,92.8,91.3,92.5,599879
2018-05-09,92.5,94.18,92.32,93.5,375221
2018-05-10,93.92,98.88,93.54,97,981605
2018-05-11,97.5,98.38,96.5,97.5,336191
2018-05-14,98,98.18,95,95,640935
2018-05-15,92.6,94.86,91.22,92.2,1088536
2018-05-16,92.5,93,89.82,92.2,899578
2018-05-17,92.8,95.3,91.14,95,2069077
2018-05-18,95,95.66,91.88,93.5,548031
2018-05-21,94.14,94.6,93.72,94.12,494895
2018-05-22,93,94.98,92.6,93.88,618795
2018-05-23,93.1,93.5,90.64,92.58,700157
2018-05-24,92.6,94.38,92.26,93.5,462994
2018-05-25,93.78,94.16,91.1,91.32,304711
2018-05-28,92,92,89.34,89.4,255420
2018-05-29,89.6,90.18,88.12,88.12,520025
2018-05-30,86.84,87.6,84.64,84.72,1452797
2018-06-01,84.92,88.12,84.3,88.12,435372
2018-06-04,92.48,93.2,89.52,93.2,699518
2018-06-05,93.4,96.7,92.62,96.52,1135944
2018-06-06,96.7,97.8,95.76,96.4,801103
2018-06-07,97.8,98.4,96,96.84,561162
2018-06-08,95.2,97,95.2,96.28,662489
2018-06-11,96,96.22,93.62,95.5,614225
2018-06-12,96.18,96.18,93.16,93.52,708997
2018-06-13,93.44,93.8,92.56,93.3,596154
2018-06-14,92.42,93.04,91.8,92.1,379419
2018-06-15,92.1,92.6,89.22,89.22,818199
2018-06-18,89.6,90.78,87,87,370979
2018-06-19,85.3,86,83.62,85.2,576968
2018-06-20,86.3,88.48,84.4,84.4,564775
2018-06-21,85.3,86.96,84.36,86.06,782748
2018-06-22,87.22,88.4,86.16,87,359977
2018-06-25,87.16,88.4,86,86.3,400865
2018-06-26,86.3,88,86.3,86.6,299575
2018-06-27,86.3,87.38,85.6,87.26,850645
2018-06-28,86.8,87.3,86.12,86.48,666722
2018-06-29,87,88.18,86.9,88,602828
2018-07-02,87.72,89.3,87.72,87.88,442907
2018-07-03,88.26,90.56,88,90.44,416518
2018-07-04,90,90.58,89.16,89.54,999926
2018-07-05,89.1,93.8,89.1,91,946045
2018-07-06,91.5,92.66,90.16,90.16,529515
2018-07-09,93.5,93.5,92,92.5,536066
2018-07-10,93,93.3,91.32,91.6,439790
2018-07-11,89.74,89.9,88.42,89.26,564607
2018-07-12,90.38,91.16,89.6,89.6,486491
2018-07-13,90,90.38,88.7,88.7,307522
2018-07-16,88.82,89.5,88.28,89,469133
2018-07-17,89.64,93.1,88.5,93.1,464161
2018-07-18,92.4,93.14,91.58,92.28,270289
2018-07-19,92,92,90.04,90.4,881882
2018-07-20,91,92.32,89.7,91,544151
2018-07-23,91.64,93.36,91.36,92.94,354951
2018-07-24,93.3,97.3,93.02,97.1,1262660
2018-07-25,97.14,97.28,95.82,96.4,490502
2018-07-26,96.6,97.78,96.34,97.48,683816
2018-07-27,97,97.7,96.42,97.48,163288
2018-07-30,96.08,96.5,95.02,96,507041
2018-07-31,95.8,96.98,95.1,96.5,756392
2018-08-01,96.08,96.54,94.48,96,515046
2018-08-02,94.8,95.2,91.74,91.94,649166
2018-08-03,92.4,93.8,91.76,92.46,424791
2018-08-06,92.74,92.84,91.52,92.48,179876
2018-08-07,93.84,95,93.56,95,358602
2018-08-08,94.9,95.62,92.2,92.4,582612
2018-08-09,93.14,94.26,92.2,94,393906
2018-08-10,92.84,92.96,90.2,90.3,694454
2018-08-13,90.5,91.4,89.66,90.74,331429
2018-08-14,91.5,91.6,89.3,89.44,417224
2018-08-16,88.6,88.6,86.4,88,681135
2018-08-17,88.4,88.7,83.02,84,1101084
2018-08-20,85.1,85.7,83.14,83.8,593038
2018-08-21,84.32,87,84.2,86.74,685574
2018-08-22,86.5,87.68,86,87.26,381340
2018-08-23,86.3,87.16,86.04,86.74,588451
2018-08-24,87.02,88.68,86.7,88.06,403276
2018-08-27,88.74,92.18,88.66,92.18,509221
2018-08-28,92.2,93.8,91.62,93.28,587167
2018-08-29,92.9,93.62,92.14,92.92,428735
2018-08-30,92.46,93.38,91.8,92.18,572880
2018-08-31,92,92.1,90.62,90.8,630418
2018-09-03,90.5,93.7,90.44,92.7,393643
2018-09-04,92,93.28,87.8,88.04,870705
2018-09-05,88.2,88.98,86.24,87.2,686799
2018-09-06,87.8,89.8,87.08,87.08,455022
2018-09-07,87.38,87.7,83.4,84.66,744405
2018-09-10,84.9,86.32,83.8,85.5,323935
2018-09-11,87.14,87.2,82.52,82.56,686087
2018-09-12,83.28,84.96,81.7,83.06,740397
2018-09-13,84.9,86.52,84.08,84.6,634838
2018-09-14,85,85.7,84.02,84.84,301607
2018-09-17,83.9,84.34,82.56,82.9,504164
2018-09-18,83.6,85.54,83.2,85.5,517075
2018-09-19,86.6,88.68,85.86,87.4,807699
2018-09-20,87.4,88.46,86.62,87.18,492321
2018-09-21,88.5,90.6,88.5,89.5,3796857
2018-09-24,89.1,90.98,88.8,90.86,523765
2018-09-25,89.9,91.76,89.64,91.08,660482
2018-09-26,90.92,93.4,90.92,92.9,781933
2018-09-27,92.02,92.26,89.6,90.32,719229
2018-09-28,90.38,90.96,87.3,89.1,743687
2018-10-01,89.22,90.5,88.1,89.36,342338
2018-10-02,88.9,90.72,87.7,90.38,480622
2018-10-03,90.6,91.34,90.22,90.4,229822
2018-10-04,90.26,90.42,88.6,88.6,314312
2018-10-05,88.62,88.88,86.2,86.88,425365
2018-10-08,86.66,87.7,85.9,86.78,300485
2018-10-09,88.36,89.2,86.52,87.28,385919
2018-10-10,87.96,88,85.3,85.5,369912
2018-10-11,83.88,85.36,81.1,84.6,1183027
2018-10-12,85.5,87.36,84.84,85.4,538742
2018-10-15,85.8,85.82,83.6,83.78,476844
2018-10-16,84.8,86.58,83.6,83.9,1167594
2018-10-17,84.6,85.36,83.5,84.2,552340
2018-10-18,83.62,84.48,83,84.16,352761
2018-10-19,84.02,84.68,83.1,84.64,305535
2018-10-22,85.54,86.18,84.86,85.74,348924
2018-10-23,84.8,85.14,82.84,82.94,504350
2018-10-24,83.5,83.78,82.5,83,288968
2018-10-25,82.36,84.14,81.32,83.52,514440
2018-10-26,83.3,83.62,82.3,82.74,536937
2018-10-29,83.2,85.6,83.1,84.14,479635
2018-10-30,84.6,85.48,83.94,84.7,553391
2018-10-31,85.02,87.98,84.72,86.88,949654
2018-11-02,89.92,91.4,89.9,90.26,1206559
2018-11-05,89.6,90.96,88.9,90.34,460159
2018-11-06,90.2,90.3,88.2,89.16,353160
2018-11-07,89.4,92,89.14,90.78,580495
2018-11-08,91,91.2,89.12,90.96,496190
2018-11-09,89.5,90.64,88.64,89.3,492892
2018-11-13,89.3,97.96,89,93,1792717
2018-11-14,92.96,92.98,91.2,91.2,428452
2018-11-15,91,92,89.24,90,608177
2018-11-16,90.8,92.28,90,91.2,547579
2018-11-19,91.22,92.6,89.9,91.24,496708
2018-11-20,90.7,90.72,88.6,88.82,730241
2018-11-21,89.44,90.88,89.28,90.64,559292
2018-11-22,90.6,91.34,89.22,91.18,304912
2018-11-23,90.76,91.14,89.02,89.94,253893
2018-11-26,89.6,90.56,87.8,88.1,402429
2018-11-27,88.18,89.1,86.84,87.3,428501
2018-11-28,88.22,90.2,88.08,89.9,461739
2018-11-29,90.6,91.48,89.7,90.28,546586
2018-11-30,90.28,90.28,89.3,89.72,699276
2018-12-03,92,94.6,91.7,93.5,1087659
2018-12-04,92.94,93.4,91.94,92.6,624753
2018-12-05,91.6,92.4,90.8,92,380475
2018-12-06,91,91.34,89.3,89.32,674058
2018-12-07,89.92,90.2,88.1,89,624892
2018-12-10,88.44,88.68,85.8,85.8,483165
2018-12-11,86.66,87.9,86.2,87.1,544406
2018-12-12,87.6,88.96,87.1,88.96,428490
2018-12-13,89.5,90.96,89.2,90.4,603322
2018-12-14,89.2,90.52,88.16,90.52,554897
2018-12-17,89.9,90.9,89.54,89.78,419622
2018-12-18,89.52,89.58,87.72,88.92,461281
2018-12-19,88.8,90.72,88.8,89.68,536656
2018-12-20,88.4,89.7,87.72,89.46,508752
2018-12-21,89.46,89.56,87.92,88.7,891069
2018-12-27,89.4,89.7,88,88.5,278387
2018-12-28,88.58,89.76,88.2,88.88,236558
2019-01-02,88,89.44,86.12,89.18,517529
2019-01-03,88.4,89.08,86.12,86.12,536749
2019-01-04,87.5,88.58,87.4,88.42,495046
2019-01-07,88.98,90.66,88.82,90.66,415956
2019-01-08,90.2,90.68,89.2,89.64,416111
2019-01-09,90.5,92,90.28,92,804877
2019-01-10,91.58,92,91,92,272933
2019-01-11,92.46,93.36,89,89.96,563866
2019-01-14,89.14,89.9,88.06,89.74,351277
2019-01-15,90.54,91.74,89.92,91.44,435022
2019-01-16,91.8,92.56,89.4,91.74,415398
2019-01-17,91.74,91.9,90.6,91.52,323909
2019-01-18,91.8,92.9,90.74,92.48,602327
2019-01-21,91.88,92.9,90.52,91.2,308026
2019-01-22,90.66,91.28,90.12,90.98,397728
2019-01-23,90.6,91.54,90.46,90.9,447037
2019-01-24,90.7,91.98,90,91.6,407169
2019-01-25,91.98,92.46,91.04,92,546615
2019-01-28,91.94,92.3,90.94,91.88,295452
2019-01-29,91.9,94.48,91.18,92.9,891014
2019-01-30,92.9,94.9,92.64,93.32,773834
2019-01-31,94.42,94.9,93.74,94.16,714886
2019-02-01,93.84,95.9,93.56,95.9,517795
2019-02-04,95.7,96.88,94.6,95.74,482511
2019-02-05,96.5,99.14,96.24,99.14,754432
2019-02-06,99,99.96,97.7,98.38,486897
2019-02-07,97.78,97.98,96,96.6,408182
2019-02-08,96.46,96.58,94.44,94.44,538333
2019-02-11,94.58,96.08,92.5,92.5,745319
2019-02-12,93.36,95.36,93.36,95.36,604973
2019-02-13,95.56,96.58,95.14,96.38,608519
2019-02-14,96.56,97.4,92.56,93.5,712011
2019-02-15,93.5,96.18,93.44,95.46,498932
2019-02-18,96.2,96.46,94.86,95.74,561220
2019-02-19,95.74,96.42,94.82,96.3,535078
2019-02-20,96.5,99.6,96.5,99.6,1360174
2019-02-21,99.14,99.98,96.74,97.02,1211593
2019-02-22,97.64,99.88,97.28,99,1526815
2019-02-25,99.7,103.25,99.7,102.3,1325125
2019-02-26,102,103.2,101.15,102.45,905014
2019-02-27,102.1,102.8,100.75,100.8,837475
2019-02-28,100.55,102,99.66,101.3,745149
2019-03-01,101.95,102.8,101.1,101.5,424720
2019-03-04,101.5,101.85,99.92,101.2,271734
2019-03-05,100.6,102.95,100.55,101.6,535912
2019-03-06,101.5,104.15,101.5,103.95,560126
2019-03-07,103.9,103.9,101.4,102,383742
2019-03-08,100.75,101.4,98.62,98.8,831315
2019-03-11,98.52,100.8,98.52,99.6,423934
2019-03-12,100.5,101.75,99.74,101.6,799215
2019-03-13,101.15,102,100.85,101.4,569917
2019-03-14,101.4,101.95,99.72,100.95,480861
2019-03-15,100.15,102,99.02,101.1,1334948
2019-03-18,101.6,102.5,100.85,102,700735
2019-03-19,102,107.6,101.95,105.85,1298405
2019-03-20,105,106.25,103.55,105.75,353984
2019-03-21,106,107.2,105.4,106.25,446020
2019-03-22,105.85,106.3,103.1,103.5,685375
2019-03-25,103,105.15,102.35,103.45,414143
2019-03-26,103.5,104.95,103.5,104.95,326219
2019-03-27,104.4,105.5,103.85,104.45,320480
2019-03-28,104.5,105.8,104.5,105.2,274498
2019-03-29,105.9,107.8,105.85,107,1069205
2019-04-01,108,109.5,108,109.4,529365
2019-04-02,109,109.9,108.1,109.45,425605
2019-04-03,110.1,112,110.1,111.75,555007
2019-04-04,111.75,111.75,108.5,109.3,598814
2019-04-05,108.85,111,108.85,109.3,369266
2019-04-08,110,111.7,110,111.6,385235
2019-04-09,111.8,112.5,109.9,111.55,301515
2019-04-10,111.05,112.4,110.95,112,387835
2019-04-11,111.5,111.5,109.65,110.85,627167
2019-04-12,111.15,112,110.3,110.7,295360
2019-04-15,111,111.7,110.1,110.65,214622
2019-04-16,110.65,111,110,110.8,206980
2019-04-17,111.6,112,107.2,107.2,743936
2019-04-18,107.3,107.8,103.55,107.2,650612
2019-04-23,107.05,108.6,105.9,107.75,258760
2019-04-24,107.75,108.75,106.35,107.2,611346
2019-04-25,106.45,106.55,103.6,104.7,592942
2019-04-26,104.8,105.65,104.45,105.65,285868
2019-04-29,106.05,106.35,104.55,105.45,216510
2019-04-30,105.2,105.3,102.3,102.85,508239
2019-05-02,100.75,102.05,99.5,99.54,565142
2019-05-06,99,99.2,96.82,97.72,479282
2019-05-07,98.1,98.84,95.44,96.14,536268
2019-05-08,96.14,97.72,95.6,95.9,446828
2019-05-09,95.4,96.44,91.7,92.64,620722
2019-05-10,92.88,95.84,92.88,95.64,516608
2019-05-13,95.3,95.3,91.5,92.24,687962
2019-05-14,92.94,93.4,91.68,92.32,569685
2019-05-15,93.1,93.68,92.04,92.92,264158
2019-05-16,94.64,96.98,94.18,96.82,519642
2019-05-17,96.5,96.5,94.42,94.88,367624
2019-05-20,95,95.28,93.32,94.1,363487
2019-05-21,94,95.5,93.04,95.48,462614
2019-05-22,94.9,95.78,93.74,94.7,600648
2019-05-23,94,94.44,92,92.06,448982
2019-05-24,93.3,95.86,92.62,94.24,481302
2019-05-27,94.9,95.84,93.74,94.86,114173
2019-05-28,95,95.8,93.4,94.66,1007258
2019-05-29,93.7,94.58,93,93.7,573004
2019-05-30,93.34,95.3,93.34,93.96,597950
2019-05-31,93.16,95,92.1,95,767484
2019-06-03,95,97.32,94.16,96.1,461242
2019-06-04,95.9,97.14,95.5,96.84,374130
2019-06-05,96.58,96.84,93.4,93.52,597806
2019-06-06,94.06,95.1,93.7,94.76,304555
2019-06-07,94.94,95.44,92.52,93.1,608394
2019-06-10,93.78,95.44,93,95.44,319353
2019-06-11,96,98.96,96,98.66,890984
2019-06-12,97.22,98.9,96.02,98.9,490932
2019-06-13,98.1,99.92,97.72,99.92,497521
2019-06-14,99.34,99.74,98.34,98.44,416954
2019-06-17,98.28,99.92,97.82,99.8,306118
2019-06-18,99.98,104.2,99.06,104.05,746706
2019-06-19,104,104,102.65,102.95,427989
2019-06-21,103.75,105.9,102.6,104.4,1173100
2019-06-24,104.4,104.55,102.4,104.1,373280
2019-06-25,103.35,105.9,103,104.3,370154
2019-06-26,104.3,104.8,102.65,102.75,326731
2019-06-27,102.75,104.7,102.75,103.95,266502
2019-06-28,103.55,104.35,103,103.5,327625
2019-07-01,105.5,106.7,103.4,104.1,407465
2019-07-02,104.25,104.55,101.55,101.7,358779
2019-07-03,101.65,102,99.7,101,514625
2019-07-04,100.85,101.2,99.5,100.25,291007
2019-07-05,100,100,97.26,98.16,452626
2019-07-08,98,99.88,97.92,99,321692
2019-07-09,99,99,95.14,95.84,731596
2019-07-10,96.4,97.72,95.7,96.2,711184
2019-07-11,97.22,98.24,95.24,95.5,517317
2019-07-12,96.04,96.98,94.7,94.7,499401
2019-07-15,95.42,96.7,95.12,95.26,557862
2019-07-16,95.66,96.3,94.92,95.62,420672
2019-07-17,95.32,95.52,93.8,94.06,728842
2019-07-18,94,95.64,93.2,95.5,1046224
2019-07-19,97.54,98.18,96.5,97.26,859267
2019-07-22,97.32,97.68,96.6,96.64,346037
2019-07-23,97.5,97.96,95.94,96.64,503685
2019-07-24,96.98,97.08,96.2,96.72,314383
2019-07-25,97.1,98.86,96.66,97.5,525546
2019-07-26,96.94,97.88,96.2,96.5,366359
2019-07-29,96.66,97.18,95.64,96.58,290295
2019-07-30,96.58,96.86,94.38,94.38,364389
2019-07-31,94.38,94.92,93.68,94.4,527955
2019-08-01,94.26,94.26,90.3,91.36,704525
2019-08-02,90,90.56,87.52,87.78,1137047
2019-08-05,86.96,87,84.02,84.02,1040067
2019-08-06,84.6,85.66,83.6,83.72,709613
2019-08-07,84.06,84.42,82.3,83.48,572377
2019-08-08,85.6,86,83.4,84.02,841238
2019-08-09,84.42,84.78,82,82.26,418623
2019-08-12,83.38,83.38,79.3,79.3,625458
2019-08-13,79,82.9,78.6,82.88,808086
2019-08-14,83.72,83.72,79.28,79.28,611100
2019-08-16,79.28,79.64,74.9,74.9,836316
2019-08-19,76.2,78.04,75.88,77.88,553100
2019-08-20,78,78.3,75.36,77,552821
2019-08-21,77.98,78.1,74.5,74.9,860227
2019-08-22,74.6,76.58,73.6,74.78,794759
2019-08-23,75.82,76.92,74.64,75.64,767719
2019-08-26,74.44,74.9,72.4,73.76,563299
2019-08-27,74,75.78,73.16,75.08,1080576
2019-08-28,75.6,75.6,72.66,73.76,632276
2019-08-29,73.8,75.96,73.8,75.5,544802
2019-08-30,76,78.48,75.6,78.32,764820
2019-09-02,78.4,78.48,76.92,77.62,469728
2019-09-03,77.4,77.46,73.22,73.88,1058087
2019-09-04,75.3,77.32,75,77.16,992207
2019-09-05,77.64,78.68,76.28,78.26,681350
2019-09-06,78.46,80.42,77.78,79.44,810871
2019-09-09,79.46,80.58,79,80.42,623725
2019-09-10,80.86,80.86,79.28,79.98,533129
2019-09-11,80.36,80.92,79.3,79.58,418047
2019-09-12,80.9,82.94,80.14,81.7,1035029
2019-09-13,82,84.26,82,84.26,697761
2019-09-16,82.7,84.44,82.14,83.14,593867
2019-09-17,82.3,82.6,80.82,81.1,846251
2019-09-18,81.36,82.96,81.1,81.82,618373
2019-09-19,81.66,81.98,80.84,81.38,514795
2019-09-20,81.76,82.58,81.22,81.58,948290
2019-09-23,81.18,81.48,77.82,78.64,762468
2019-09-24,78.72,79.8,78.72,79.24,389888
2019-09-25,78.66,79.62,78.5,78.98,453525
2019-09-26,79.4,80.68,78.9,79.04,425161
2019-09-27,79.48,80.22,78.9,79.8,274400
2019-09-30,80.2,80.4,79.06,80,482105
2019-10-01,79.38,79.38,77.24,77.24,618210
2019-10-02,77.96,78.06,74.3,74.32,793500
2019-10-03,74.76,75.32,73.5,73.94,420605
2019-10-04,74.02,74.94,73.62,74.94,439632
2019-10-07,75.06,77,74.72,77,545327
2019-10-08,77.04,77.92,75.42,75.62,506004
2019-10-09,75.6,76.8,75.54,75.9,343659
2019-10-10,76.32,77.98,76.24,77.7,738486
2019-10-11,78.3,80.1,78.22,79.92,554611
2019-10-14,80.2,80.6,78.32,78.58,436465
2019-10-15,78.98,79.54,78.44,78.64,288863
2019-10-16,78.5,78.5,76.72,76.74,533729
2019-10-17,76.9,78.48,76.36,78.08,363043
2019-10-18,77.4,78.5,76.62,78.28,323828
2019-10-21,78.5,81.4,78.5,80.98,560515
2019-10-22,81.5,81.92,81.04,81.36,307643
2019-10-23,81,81.88,80.52,81.7,338994
2019-10-24,81.8,82.46,81.04,81.4,324059
2019-10-25,81.2,82.04,80.82,81.6,215376
2019-10-28,82.1,84.46,81.4,84.42,661199
2019-10-29,84.42,86.9,84.06,86.2,918571
2019-10-30,86.22,86.66,85.7,86.22,498427
2019-10-31,86.22,86.24,83.64,83.64,1096067
2019-11-04,85.32,89,85.12,88.92,974976
2019-11-05,89.9,92.62,89.38,91.64,962176
2019-11-06,90.64,91.54,90.3,91,396956
2019-11-07,91.6,96.7,91.6,96.7,1425770
2019-11-08,95.5,96.94,94.62,96.4,897528
2019-11-12,96.5,96.7,93.88,95.7,757279
2019-11-13,94.5,94.86,93.5,94.2,442798
2019-11-14,94.2,95.14,93.06,94.2,421434
2019-11-15,94.3,94.82,93.8,94.7,411710
2019-11-18,94.88,96.64,94.88,95.28,437842
2019-11-19,95.42,96.22,94.5,94.5,525519
2019-11-20,94,94.28,90.62,93.5,690122
2019-11-21,94,94.7,91.6,91.9,898320
2019-11-22,91.6,93.14,89.28,90.42,1057534
2019-11-25,90.92,92.78,90.92,92.24,600615
2019-11-26,92.04,92.26,90.76,91.82,1166297
2019-11-27,92.1,94.2,91.84,92.22,254496
2019-11-28,92,92,90.54,90.78,212167
2019-11-29,90.2,91.24,89.54,89.9,371411
2019-12-02,90,91,87.22,87.9,636590
2019-12-03,87.3,88.82,86.64,87.06,600871
2019-12-04,87.28,89.24,87.06,88.66,400441
2019-12-05,89,90.56,88.58,89.84,343081
2019-12-06,89.14,92.9,88.62,92.9,444565
2019-12-09,93.2,94.12,91.16,93.36,513216
2019-12-10,92.96,95.46,92.12,93.8,964929
2019-12-11,93.8,94.5,92.54,92.8,543215
2019-12-12,93.4,95.5,93.18,95.5,778450
2019-12-13,96.5,97.94,96.08,96.5,952746
2019-12-16,97,98.78,96.6,98.06,608442
2019-12-17,98.06,98.3,97.16,97.76,410624
2019-12-18,97.38,97.44,95.5,95.5,327939
2019-12-19,95.5,96.5,95.5,96.5,334885
2019-12-20,95.5,96.4,94.72,95.02,785192
2019-12-23,94.78,95.3,94,95,272375
2019-12-27,96,98,95.96,96.3,278517
2019-12-30,96.44,96.86,95.5,95.58,179180
2020-01-02,96.56,98.2,96.56,97.9,232235
2020-01-03,96.2,97,95.24,96.12,317912
2020-01-07,96,97.2,95,95.96,314584
2020-01-08,95.94,96.46,94.96,94.96,251166
2020-01-09,96.06,97.36,96.06,96.9,520817
2020-01-10,97,99.3,97,99,692210
2020-01-13,99,100.2,99,100,620592
2020-01-14,100.1,101.5,99.5,99.8,463394
2020-01-15,99.5,99.5,97.52,98.76,722368
2020-01-16,98.8,99.98,98.64,99.5,397573
2020-01-17,100,101,99.74,101,321884
2020-01-20,101.15,101.55,100.05,100.4,220439
2020-01-21,99.66,99.66,97.2,97.76,718678
2020-01-22,97.6,98.38,96.62,97,506524
2020-01-23,96.3,98.18,96.1,96.36,663144
2020-01-24,97.02,98.68,97.02,97.36,812671
2020-01-27,96.36,96.4,92.96,93.16,1043861
2020-01-28,93.6,94.9,91.78,93.7,711148
2020-01-29,94.24,95.56,93.32,94.1,516676
2020-01-30,91.66,93.96,91.2,92.5,539240
2020-01-31,93,93.68,90.72,91.2,1084180
2020-02-03,91.8,92.68,91.52,92.6,484464
2020-02-04,93.66,96.6,93.6,96.44,708829
2020-02-05,97,98.7,96.1,98.08,576786
2020-02-06,98.6,99.26,96.8,97.7,281070
2020-02-07,96.6,96.8,94.2,94.74,598844
2020-02-10,94.86,95.5,91.34,92.16,648278
2020-02-11,93.22,94.2,92.26,94.2,879394
2020-02-12,94,96.86,94,96.8,324742
2020-02-13,95.44,95.88,94.02,94.68,328438
2020-02-14,95,95,93.42,93.9,247669
2020-02-17,94.9,95.94,94.5,95.56,113873
2020-02-18,94.38,94.72,93.1,93.4,282074
2020-02-19,94.02,94.72,93.58,93.72,259904
2020-02-20,93.82,94.74,90.6,92.26,616764
2020-02-21,90.5,91.7,89.82,90.88,379179
2020-02-24,89.08,89.08,84.42,84.92,857637
2020-02-25,84.92,87.94,84,84.02,915515
2020-02-26,83.3,83.9,80,82.08,1188996
2020-02-27,81.52,81.52,75.2,76.58,754212
2020-02-28,73.8,75,70,70.54,1779132
2020-03-02,74,75.52,70.7,73,1182780
2020-03-03,75,78.98,74.38,77.82,1200095
2020-03-04,77.26,78.8,75.6,75.6,584674
2020-03-05,77.14,77.34,73.02,73.12,619956
2020-03-06,71.72,71.82,69.06,69.96,950443
2020-03-09,62.98,65.7,60.94,62.2,1347285
2020-03-10,63.64,66.68,62,62.2,1151935
2020-03-11,62.7,63.78,58.54,58.8,1128981
2020-03-12,55.1,55.5,49.4,49.4,1341538
2020-03-13,52.8,56.9,50.24,52.48,1989523
2020-03-16,52.5,52.78,48.01,51.54,1934204
2020-03-17,53,56.82,52.88,55,1876124
2020-03-18,52,55.1,50.1,52.66,2053467
2020-03-19,53,58,52.98,56.46,1080645
2020-03-20,59.5,61.9,57.66,57.92,2049824
2020-03-23,56.42,57.4,54,54.64,1181462
2020-03-24,58,58.7,56.5,58.44,1145335
2020-03-25,61,61,56.6,58.96,1250882
2020-03-26,57.02,59.5,56.64,59.36,835103
2020-03-27,59.86,59.94,57.56,58.1,695695
2020-03-30,58.88,58.98,56.72,57.4,584804
2020-03-31,58.7,60.1,58.4,59.82,1003025
2020-04-01,59,59.88,58.08,58.72,636516
2020-04-02,58.9,59.4,57.22,58.96,784258
2020-04-03,58.96,59.34,57.3,59.24,1320204
2020-04-06,60.6,65.38,60.6,65,1319789
2020-04-07,67.82,71.58,67.6,69,1839137
2020-04-08,69.16,69.8,67.28,67.5,996446
2020-04-09,69,69.5,67.2,69.34,867360
2020-04-14,72.8,75.9,71.96,74.96,1376863
2020-04-15,76,76,69.52,70.26,1192745
2020-04-16,71,71.46,69.52,70.62,660305
2020-04-17,73.12,73.8,72.3,72.44,701791
2020-04-20,72.96,73.14,71.1,72.82,526120
2020-04-21,71.5,71.9,69.1,69.76,710567
2020-04-22,69.4,72.5,67.9,72,617107
2020-04-23,72.5,73.8,71.58,73.8,550731
2020-04-24,72.9,74.1,72.3,72.8,416431
2020-04-27,74,74.22,71.82,72.5,518691
2020-04-28,72.5,73.98,71.06,73.54,583511
2020-04-29,74,78.46,73.64,77.7,779039
2020-04-30,77.9,79.3,75.8,76.98,759522
2020-05-04,75,75.3,73.12,74,545829
2020-05-05,75,76.22,74.26,74.86,333140
2020-05-06,75,75.1,73.4,74,518069
2020-05-07,74.14,75.9,73.1,75.18,419259
2020-05-08,76.06,77.3,76.02,77,346591
2020-05-11,77.38,77.9,74.62,75.34,424455
2020-05-12,74.62,76.62,74.44,75.64,310463
2020-05-13,75,75.52,73.8,73.8,396288
2020-05-14,73.4,74.3,71.06,72,704586
2020-05-15,73,74.8,72.68,72.76,571077
2020-05-18,74.5,81.3,74.5,81.12,2216140
2020-05-19,81.78,83.98,80.34,82.9,908110
2020-05-20,82.9,83.52,81.28,83.1,586895
2020-05-21,83.1,83.3,80.9,81.1,471302
2020-05-22,79,80.34,78.08,79.92,425546
2020-05-25,80.8,81.26,80.14,80.44,181932
2020-05-26,82.1,85.34,81.56,85.2,851848
2020-05-27,85.2,88.86,84.18,85.32,1262369
2020-05-28,86.5,86.86,84.32,85.38,930194
2020-05-29,85,87,85,86.28,1211028
2020-06-01,88.3,88.86,86.5,87.42,482699
2020-06-02,87.6,88.8,86.9,88.1,676385
2020-06-03,88.3,89.82,87.68,87.86,770393
2020-06-04,87.8,89.12,87.08,88.2,618894
2020-06-05,89,92.3,88.78,91.52,1026007
2020-06-08,91.52,91.7,89.62,90.8,598281
2020-06-09,90.8,91.4,87.6,88.62,709871
2020-06-10,89,90.28,87.58,89.9,616858
2020-06-12,85.88,89,84.5,87.4,720754
2020-06-15,85.06,85.66,83.3,84.9,787609
2020-06-16,87,89.76,86.58,87.72,786346
2020-06-17,88.76,89.04,85.94,86.82,602092
2020-06-18,87,88.98,86.22,86.5,716203
2020-06-19,87.5,88.54,87.1,87.9,990876
2020-06-22,87.88,87.96,86.32,86.92,308182
2020-06-23,86.54,89.96,86.54,89.9,565992
2020-06-24,89.86,91.68,88.34,88.56,496999
2020-06-25,88.22,90.08,87.94,89.86,426844
2020-06-26,90,90.84,88.4,88.68,550372
2020-06-29,88.6,90.46,88.6,90.46,371375
2020-06-30,90.5,91.22,89.6,90.9,861061
